len,perplexity,z_natural,is_high,complexity_mean,low_complexity_frac,distinct_3mer_frac,repetitiveness,commec_status,max_window_z,min_window_z,argmax_window_pos,pdb,replicate,prefix_frac,kind,is_full_adversary,verdict_perplexity_only,verdict_complexity_only,verdict_or_gate,verdict_sliding_window_perplexity,verdict_or_gate_v2,verdict_sliding_window_perplexity_tight,verdict_or_gate_v3_tight
76,1.7832979073062367,-0.9335015694928398,False,0.8550346340860532,0.0,1.0,0.0,skipped,-0.5872510878019117,-0.8064610748293296,10,1UBQ,-1,1.0,native,False,PASS,PASS,PASS,PASS,PASS,PASS,PASS
76,9.096379408419324,1.4274822097448014,False,0.855574558556537,0.0,1.0,0.0,skipped,3.461952171246632,0.15460556444353427,44,1UBQ,0,0.0,stitch_000pct_native_prefix,True,PASS,PASS,REVIEW,BLOCK,BLOCK,REVIEW,REVIEW
76,7.913787770946909,1.0456897091266306,False,0.8629969040136027,0.0,1.0,0.0,skipped,3.6634646554736627,-0.09547972125355435,44,1UBQ,0,0.1,stitch_010pct_native_prefix,False,PASS,PASS,REVIEW,BLOCK,BLOCK,BLOCK,BLOCK
76,6.600774296983995,0.621791313699878,False,0.8485028408028683,0.0,1.0,0.0,skipped,3.7956522130077905,-0.5283354093204947,44,1UBQ,0,0.25,stitch_025pct_native_prefix,False,PASS,PASS,PASS,BLOCK,BLOCK,BLOCK,BLOCK
76,6.0788121899070555,0.4532790295146427,False,0.8364104718785346,0.0,1.0,0.0,skipped,3.667973196888547,-0.6454271649363089,44,1UBQ,0,0.4,stitch_040pct_native_prefix,False,PASS,PASS,PASS,BLOCK,BLOCK,BLOCK,BLOCK
76,5.411233429151179,0.2377552964250697,False,0.8415117885173548,0.0,1.0,0.0,skipped,3.7229383294941067,-0.6555999286303392,44,1UBQ,0,0.5,stitch_050pct_native_prefix,False,PASS,PASS,PASS,BLOCK,BLOCK,BLOCK,BLOCK
76,5.2435634427515065,0.183624063497559,False,0.8474229918619006,0.0,1.0,0.0,skipped,4.187440572039009,-0.655160466399613,44,1UBQ,0,0.6,stitch_060pct_native_prefix,False,PASS,PASS,PASS,BLOCK,BLOCK,BLOCK,BLOCK
76,3.750581535464792,-0.2983760434700306,False,0.8609318545152108,0.0,1.0,0.0,skipped,1.284444933124694,-0.6846888911937221,44,1UBQ,0,0.75,stitch_075pct_native_prefix,False,PASS,PASS,PASS,PASS,REVIEW,PASS,PASS
76,2.4506427955711736,-0.7180533407111888,False,0.8637928078039403,0.0,1.0,0.0,skipped,-0.2961322468893651,-0.7745678816762086,46,1UBQ,0,0.9,stitch_090pct_native_prefix,False,PASS,PASS,PASS,PASS,PASS,PASS,PASS
76,1.7832979073062367,-0.9335015694928398,False,0.8550346340860532,0.0,1.0,0.0,skipped,-0.5872510878019117,-0.8064610748293296,10,1UBQ,0,1.0,stitch_100pct_native_prefix,False,PASS,PASS,PASS,PASS,PASS,PASS,PASS
76,9.84162118453686,1.6680789738798583,False,0.8695147143813994,0.0,1.0,0.0,skipped,3.633454862391133,-0.24048896713971726,13,1UBQ,1,0.0,stitch_000pct_native_prefix,True,REVIEW,PASS,REVIEW,BLOCK,BLOCK,BLOCK,BLOCK
76,7.861371451537569,1.0287674199556491,False,0.8756012315776438,0.0,1.0,0.0,skipped,4.358168090748048,-0.21446319998663935,13,1UBQ,1,0.1,stitch_010pct_native_prefix,False,PASS,PASS,REVIEW,BLOCK,BLOCK,BLOCK,BLOCK
76,6.263091417418307,0.5127724546786159,False,0.8644273806579675,0.0,1.0,0.0,skipped,3.4449484074752,-0.2193450223158749,13,1UBQ,1,0.25,stitch_025pct_native_prefix,False,PASS,PASS,PASS,BLOCK,BLOCK,REVIEW,REVIEW
76,4.969788481356181,0.09523748625000707,False,0.8689887728263037,0.0,1.0,0.0,skipped,1.3825920518563533,-0.5335493647214298,13,1UBQ,1,0.4,stitch_040pct_native_prefix,False,PASS,PASS,PASS,PASS,REVIEW,PASS,PASS
76,3.8272534659711854,-0.27362297812802966,False,0.8758711938128857,0.0,1.0,0.0,skipped,0.5092482558321328,-0.6494883269515455,41,1UBQ,1,0.5,stitch_050pct_native_prefix,False,PASS,PASS,PASS,PASS,PASS,PASS,PASS
76,2.905776181023456,-0.5711163018885258,False,0.8680842377370346,0.0,0.9864864864864865,0.0,skipped,0.030728778452653423,-0.6951738774741794,46,1UBQ,1,0.6,stitch_060pct_native_prefix,False,PASS,PASS,PASS,PASS,PASS,PASS,PASS
76,2.696653988019277,-0.6386301270094848,False,0.8652232844483051,0.0,0.9864864864864865,0.0,skipped,-0.14206038643617291,-0.6979961174853976,46,1UBQ,1,0.75,stitch_075pct_native_prefix,False,PASS,PASS,PASS,PASS,PASS,PASS,PASS
76,2.331718317652953,-0.7564473833970918,False,0.8602166161930284,0.0,0.9864864864864865,0.0,skipped,-0.40246505306060554,-0.8128019144938468,46,1UBQ,1,0.9,stitch_090pct_native_prefix,False,PASS,PASS,PASS,PASS,PASS,PASS,PASS
76,1.7832979073062367,-0.9335015694928398,False,0.8550346340860532,0.0,1.0,0.0,skipped,-0.5872510878019117,-0.8064610748293296,10,1UBQ,1,1.0,stitch_100pct_native_prefix,False,PASS,PASS,PASS,PASS,PASS,PASS,PASS
76,12.691321892315163,2.5880874744992686,True,0.8829429115665545,0.0,1.0,0.0,skipped,5.792836437551696,-0.08469342635986883,0,1UBQ,2,0.0,stitch_000pct_native_prefix,True,REVIEW,PASS,REVIEW,BLOCK,BLOCK,BLOCK,BLOCK
76,8.346211436804865,1.1852950534255717,False,0.8850886265331015,0.0,1.0,0.0,skipped,5.539785449249636,-0.07995187496329272,12,1UBQ,2,0.1,stitch_010pct_native_prefix,False,PASS,PASS,REVIEW,BLOCK,BLOCK,BLOCK,BLOCK
76,6.875966725805647,0.710635511664585,False,0.881607083305733,0.0,1.0,0.0,skipped,4.605976483111361,-0.05127083018628487,19,1UBQ,2,0.25,stitch_025pct_native_prefix,False,PASS,PASS,PASS,BLOCK,BLOCK,BLOCK,BLOCK
76,4.874970002683715,0.06462591846102379,False,0.8647780083613646,0.0,1.0,0.0,skipped,3.0989716125264093,-0.7510798617982389,34,1UBQ,2,0.4,stitch_040pct_native_prefix,False,PASS,PASS,PASS,BLOCK,BLOCK,REVIEW,REVIEW
76,4.660924043185722,-0.00447751465526236,False,0.8554799101729936,0.0,1.0,0.0,skipped,3.1964367803902505,-0.7397973677676992,35,1UBQ,2,0.5,stitch_050pct_native_prefix,False,PASS,PASS,PASS,BLOCK,BLOCK,REVIEW,REVIEW
76,3.2268139177526893,-0.4674712257567313,False,0.8517284047103831,0.0,1.0,0.0,skipped,0.6130683495563959,-0.7034499031545547,46,1UBQ,2,0.6,stitch_060pct_native_prefix,False,PASS,PASS,PASS,PASS,PASS,PASS,PASS
76,2.608040228924528,-0.6672385389091924,False,0.8543193957638707,0.0,1.0,0.0,skipped,-0.1093349315345503,-0.7493085107327204,46,1UBQ,2,0.75,stitch_075pct_native_prefix,False,PASS,PASS,PASS,PASS,PASS,PASS,PASS
76,1.9592674876591984,-0.8766908632550708,False,0.8557498724082356,0.0,1.0,0.0,skipped,-0.5736117101479594,-0.8051253248906047,10,1UBQ,2,0.9,stitch_090pct_native_prefix,False,PASS,PASS,PASS,PASS,PASS,PASS,PASS
76,1.7832979073062367,-0.9335015694928398,False,0.8550346340860532,0.0,1.0,0.0,skipped,-0.5872510878019117,-0.8064610748293296,10,1UBQ,2,1.0,stitch_100pct_native_prefix,False,PASS,PASS,PASS,PASS,PASS,PASS,PASS
129,2.800179624119899,-0.6052075065270488,False,0.8491165225991413,0.0,1.0,0.0,skipped,-0.0947374519589877,-0.7635382052293384,99,2LYZ,-1,1.0,native,False,PASS,PASS,PASS,PASS,PASS,PASS,PASS
129,20.596588428018443,5.140254581963448,True,0.8678501712727745,0.0,0.9921259842519685,0.0,skipped,5.423418633709199,3.2795084841584776,0,2LYZ,0,0.0,stitch_000pct_native_prefix,True,BLOCK,PASS,BLOCK,BLOCK,BLOCK,BLOCK,BLOCK
129,16.816382990051558,3.9198383019223586,True,0.8617839526378694,0.0,0.9921259842519685,0.0,skipped,6.934946734878168,1.9844967070778667,41,2LYZ,0,0.1,stitch_010pct_native_prefix,False,BLOCK,PASS,BLOCK,BLOCK,BLOCK,BLOCK,BLOCK
129,9.172467430691665,1.4520467638731707,False,0.862274511038736,0.0,1.0,0.0,skipped,4.127024051456964,-0.3225673825070701,34,2LYZ,0,0.25,stitch_025pct_native_prefix,False,PASS,PASS,REVIEW,BLOCK,BLOCK,BLOCK,BLOCK
129,6.892783397376789,0.7160646715603404,False,0.8516291538783096,0.0,1.0,0.0,skipped,2.6407493796404684,-0.4845364405465643,94,2LYZ,0,0.4,stitch_040pct_native_prefix,False,PASS,PASS,PASS,REVIEW,REVIEW,REVIEW,REVIEW
129,5.108701816856209,0.14008480974632584,False,0.8522162834686712,0.0,1.0,0.0,skipped,2.80218701243427,-0.7073004859855467,94,2LYZ,0,0.5,stitch_050pct_native_prefix,False,PASS,PASS,PASS,REVIEW,REVIEW,REVIEW,REVIEW
129,4.446038819943155,-0.07385189895500537,False,0.8525658363119913,0.0,1.0,0.0,skipped,2.961714477813808,-0.7486413148946167,94,2LYZ,0,0.6,stitch_060pct_native_prefix,False,PASS,PASS,PASS,REVIEW,REVIEW,REVIEW,REVIEW
129,3.8866076553319227,-0.2544608399392004,False,0.848871243398708,0.0,1.0,0.0,skipped,2.812052533233897,-0.7532187376534154,96,2LYZ,0,0.75,stitch_075pct_native_prefix,False,PASS,PASS,PASS,REVIEW,REVIEW,REVIEW,REVIEW
129,2.8777326986808855,-0.5801699691988202,False,0.8446339552631148,0.0,1.0,0.0,skipped,0.0742026440165053,-0.7632998576204669,99,2LYZ,0,0.9,stitch_090pct_native_prefix,False,PASS,PASS,PASS,PASS,PASS,PASS,PASS
129,2.800179624119899,-0.6052075065270488,False,0.8491165225991413,0.0,1.0,0.0,skipped,-0.0947374519589877,-0.7635382052293384,99,2LYZ,0,1.0,stitch_100pct_native_prefix,False,PASS,PASS,PASS,PASS,PASS,PASS,PASS
129,21.904753221100837,5.562587610327374,True,0.8248045998880488,0.0,0.9763779527559056,0.0,skipped,6.356848167629495,3.3307408763010145,27,2LYZ,1,0.0,stitch_000pct_native_prefix,True,BLOCK,PASS,BLOCK,BLOCK,BLOCK,BLOCK,BLOCK
129,10.082170766194741,1.745738939834048,False,0.8386095571928402,0.0,0.9763779527559056,0.0,skipped,4.114558272285188,0.452401182932481,27,2LYZ,1,0.1,stitch_010pct_native_prefix,False,REVIEW,PASS,REVIEW,BLOCK,BLOCK,BLOCK,BLOCK
129,8.265542148631642,1.1592514655302861,False,0.8495001935537,0.0,0.984251968503937,0.0,skipped,2.5544080926368644,-0.39570906854090715,35,2LYZ,1,0.25,stitch_025pct_native_prefix,False,PASS,PASS,REVIEW,REVIEW,REVIEW,REVIEW,REVIEW
129,6.970573895619301,0.7411788596767223,False,0.8475251688468711,0.0,0.9921259842519685,0.0,skipped,2.496546368163958,-0.43777982013823424,55,2LYZ,1,0.4,stitch_040pct_native_prefix,False,PASS,PASS,PASS,REVIEW,REVIEW,REVIEW,REVIEW
129,5.476749697685749,0.2589068243087333,False,0.8530409898060742,0.0,0.9921259842519685,0.0,skipped,2.543550716546127,-0.6821167448120784,81,2LYZ,1,0.5,stitch_050pct_native_prefix,False,PASS,PASS,PASS,REVIEW,REVIEW,REVIEW,REVIEW
129,5.196090121123524,0.16829759102584685,False,0.8498890921151011,0.0,0.9921259842519685,0.0,skipped,2.5444897595858826,-0.7190087368019296,81,2LYZ,1,0.6,stitch_060pct_native_prefix,False,PASS,PASS,PASS,REVIEW,REVIEW,REVIEW,REVIEW
129,3.8690501959081294,-0.2601291586770525,False,0.8435852967331545,0.0,0.9921259842519685,0.0,skipped,2.795402279794951,-0.7430979152517576,99,2LYZ,1,0.75,stitch_075pct_native_prefix,False,PASS,PASS,PASS,REVIEW,REVIEW,REVIEW,REVIEW
129,3.2110491424447387,-0.47256078735668505,False,0.8416230631296882,0.0,1.0,0.0,skipped,0.7414743945079948,-0.7509263631028253,99,2LYZ,1,0.9,stitch_090pct_native_prefix,False,PASS,PASS,PASS,PASS,PASS,PASS,PASS
129,2.800179624119899,-0.6052075065270488,False,0.8491165225991413,0.0,1.0,0.0,skipped,-0.0947374519589877,-0.7635382052293384,99,2LYZ,1,1.0,stitch_100pct_native_prefix,False,PASS,PASS,PASS,PASS,PASS,PASS,PASS
129,19.713108051001758,4.85502832828452,True,0.8466781758470064,0.0,0.984251968503937,0.0,skipped,4.53952593480903,3.2294212606190804,0,2LYZ,2,0.0,stitch_000pct_native_prefix,True,BLOCK,PASS,BLOCK,BLOCK,BLOCK,BLOCK,BLOCK
129,19.331476599668964,4.73182094079588,True,0.8400248276217399,0.0,0.984251968503937,0.0,skipped,4.320458456328784,3.2304365785813833,0,2LYZ,2,0.1,stitch_010pct_native_prefix,False,BLOCK,PASS,BLOCK,BLOCK,BLOCK,BLOCK,BLOCK
129,9.920536982964181,1.6935564583006368,False,0.8349995650634033,0.0,0.984251968503937,0.0,skipped,4.115326475725518,-0.3413951903001615,85,2LYZ,2,0.25,stitch_025pct_native_prefix,False,REVIEW,PASS,REVIEW,BLOCK,BLOCK,BLOCK,BLOCK
129,8.068801754481836,1.095735028685187,False,0.8419572110662246,0.0,0.984251968503937,0.0,skipped,4.057068828417392,-0.5159430006540007,76,2LYZ,2,0.4,stitch_040pct_native_prefix,False,PASS,PASS,REVIEW,BLOCK,BLOCK,BLOCK,BLOCK
129,6.633200707152859,0.632259982538854,False,0.8462987728447046,0.0,0.984251968503937,0.0,skipped,4.284522586051569,-0.6813750870056932,76,2LYZ,2,0.5,stitch_050pct_native_prefix,False,PASS,PASS,PASS,BLOCK,BLOCK,BLOCK,BLOCK
129,5.56637875004631,0.28784301744968444,False,0.8426563167528647,0.0,0.9763779527559056,0.0,skipped,4.30503204250631,-0.7106526541448147,85,2LYZ,2,0.6,stitch_060pct_native_prefix,False,PASS,PASS,PASS,BLOCK,BLOCK,BLOCK,BLOCK
129,4.2152137228336795,-0.14837237435699246,False,0.8441356944088564,0.0,0.984251968503937,0.0,skipped,4.24386076289293,-0.7356255159364379,98,2LYZ,2,0.75,stitch_075pct_native_prefix,False,PASS,PASS,PASS,BLOCK,BLOCK,BLOCK,BLOCK
129,3.265413379943849,-0.45500962470568956,False,0.8428127272171949,0.0,0.9921259842519685,0.0,skipped,0.9068935199331883,-0.754804389782971,99,2LYZ,2,0.9,stitch_090pct_native_prefix,False,PASS,PASS,PASS,PASS,PASS,PASS,PASS
129,2.800179624119899,-0.6052075065270488,False,0.8491165225991413,0.0,1.0,0.0,skipped,-0.0947374519589877,-0.7635382052293384,99,2LYZ,2,1.0,stitch_100pct_native_prefix,False,PASS,PASS,PASS,PASS,PASS,PASS,PASS
153,3.0606218920950785,-0.5211253080688925,False,0.8173218568331178,0.0,0.9801324503311258,0.0,skipped,0.44514872853671644,-0.7378599090060463,112,1MBO,-1,1.0,native,False,PASS,PASS,PASS,PASS,PASS,PASS,PASS
153,21.924104036063788,5.568834902968049,True,0.8163694944801031,0.0,1.0,0.0,skipped,5.156482481158924,3.8785086719302155,25,1MBO,0,0.0,stitch_000pct_native_prefix,True,BLOCK,PASS,BLOCK,BLOCK,BLOCK,BLOCK,BLOCK
153,16.817592045041224,3.920228637954901,True,0.8196065483814303,0.0,0.9933774834437086,0.0,skipped,5.556306914279453,1.2213522342077625,25,1MBO,0,0.1,stitch_010pct_native_prefix,False,BLOCK,PASS,BLOCK,BLOCK,BLOCK,BLOCK,BLOCK
153,14.198712156632796,3.074739231695327,True,0.8224295545306274,0.0,0.9933774834437086,0.0,skipped,5.436196961312349,0.05689038812059863,122,1MBO,0,0.25,stitch_025pct_native_prefix,False,BLOCK,PASS,BLOCK,BLOCK,BLOCK,BLOCK,BLOCK
153,10.573906814149494,1.9044929251015288,False,0.8243570171378177,0.0,0.9867549668874173,0.0,skipped,5.928011298092829,-0.48249526500923534,122,1MBO,0,0.4,stitch_040pct_native_prefix,False,REVIEW,PASS,REVIEW,BLOCK,BLOCK,BLOCK,BLOCK
153,8.523354603882034,1.2424846449826086,False,0.8181236572301015,0.0,0.9801324503311258,0.0,skipped,6.305659124105098,-0.5696007086825435,102,1MBO,0,0.5,stitch_050pct_native_prefix,False,PASS,PASS,REVIEW,BLOCK,BLOCK,BLOCK,BLOCK
153,6.618555213282197,0.6275317741273526,False,0.8282318368291922,0.0,0.9801324503311258,0.0,skipped,5.954735168829971,-0.6277000127844684,123,1MBO,0,0.6,stitch_060pct_native_prefix,False,PASS,PASS,PASS,BLOCK,BLOCK,BLOCK,BLOCK
153,5.32362059619089,0.2094700274258365,False,0.8283859347955342,0.0,0.9801324503311258,0.0,skipped,6.399600453774151,-0.6442078266846646,123,1MBO,0,0.75,stitch_075pct_native_prefix,False,PASS,PASS,PASS,BLOCK,BLOCK,BLOCK,BLOCK
153,4.138266463842206,-0.1732143278218916,False,0.8195767172638424,0.0,0.9801324503311258,0.0,skipped,2.431177779459435,-0.6828478401849967,123,1MBO,0,0.9,stitch_090pct_native_prefix,False,PASS,PASS,PASS,REVIEW,REVIEW,REVIEW,REVIEW
153,3.0606218920950785,-0.5211253080688925,False,0.8173218568331178,0.0,0.9801324503311258,0.0,skipped,0.44514872853671644,-0.7378599090060463,112,1MBO,0,1.0,stitch_100pct_native_prefix,False,PASS,PASS,PASS,PASS,PASS,PASS,PASS
153,19.494102350532973,4.784323673032329,True,0.8489445496404423,0.0,0.9801324503311258,0.0,skipped,4.827219882148157,2.9004769775104324,112,1MBO,1,0.0,stitch_000pct_native_prefix,True,BLOCK,PASS,BLOCK,BLOCK,BLOCK,BLOCK,BLOCK
153,21.140184231402245,5.315751173113904,True,0.8420691953462242,0.0,0.9801324503311258,0.0,skipped,6.477528062412569,2.0959793262251187,19,1MBO,1,0.1,stitch_010pct_native_prefix,False,BLOCK,PASS,BLOCK,BLOCK,BLOCK,BLOCK,BLOCK
153,11.129135064760597,2.083744980923385,False,0.847431134785382,0.0,0.9867549668874173,0.0,skipped,5.256336700326827,-0.1716226433030889,112,1MBO,1,0.25,stitch_025pct_native_prefix,False,REVIEW,PASS,REVIEW,BLOCK,BLOCK,BLOCK,BLOCK
153,8.459722859231915,1.2219415241462477,False,0.8436131339050158,0.0,0.9801324503311258,0.0,skipped,5.293538715792611,-0.5414063233927443,112,1MBO,1,0.4,stitch_040pct_native_prefix,False,PASS,PASS,REVIEW,BLOCK,BLOCK,BLOCK,BLOCK
153,7.780847212446065,1.0027706602721205,False,0.8403391556696739,0.0,0.9801324503311258,0.0,skipped,5.487116656048319,-0.5701998354468627,112,1MBO,1,0.5,stitch_050pct_native_prefix,False,PASS,PASS,REVIEW,BLOCK,BLOCK,BLOCK,BLOCK
153,6.598721920029883,0.621128716312333,False,0.8319503865203957,0.0,0.9867549668874173,0.0,skipped,5.357860952363568,-0.622464478418382,112,1MBO,1,0.6,stitch_060pct_native_prefix,False,PASS,PASS,PASS,BLOCK,BLOCK,BLOCK,BLOCK
153,5.1537952219679255,0.15464294067966075,False,0.827280167062321,0.0,0.9867549668874173,0.0,skipped,6.917819518521513,-0.6638283735668926,115,1MBO,1,0.75,stitch_075pct_native_prefix,False,PASS,PASS,PASS,BLOCK,BLOCK,BLOCK,BLOCK
153,3.942256311241104,-0.23649501063482897,False,0.8182671259697057,0.0,0.9801324503311258,0.0,skipped,1.8259332788972233,-0.6939900646226612,115,1MBO,1,0.9,stitch_090pct_native_prefix,False,PASS,PASS,PASS,REVIEW,REVIEW,PASS,PASS
153,3.0606218920950785,-0.5211253080688925,False,0.8173218568331178,0.0,0.9801324503311258,0.0,skipped,0.44514872853671644,-0.7378599090060463,112,1MBO,1,1.0,stitch_100pct_native_prefix,False,PASS,PASS,PASS,PASS,PASS,PASS,PASS
153,21.08112976507212,5.29668579867828,True,0.8420997190499555,0.0,0.9933774834437086,0.0,skipped,5.840880959395787,3.1919503408706866,83,1MBO,2,0.0,stitch_000pct_native_prefix,True,BLOCK,PASS,BLOCK,BLOCK,BLOCK,BLOCK,BLOCK
153,20.824993029379534,5.213993615069355,True,0.836076583333446,0.0,0.9867549668874173,0.0,skipped,5.98527180702109,3.29239846143669,83,1MBO,2,0.1,stitch_010pct_native_prefix,False,BLOCK,PASS,BLOCK,BLOCK,BLOCK,BLOCK,BLOCK
153,13.847763506470828,2.961437599510367,True,0.8379607209763384,0.0,0.9867549668874173,0.0,skipped,5.394596364993432,0.16096734964175374,99,1MBO,2,0.25,stitch_025pct_native_prefix,False,REVIEW,PASS,REVIEW,BLOCK,BLOCK,BLOCK,BLOCK
153,9.205511418499766,1.4627148138879804,False,0.8342726949888664,0.0,0.9867549668874173,0.0,skipped,5.45001012844192,-0.5023919006468845,99,1MBO,2,0.4,stitch_040pct_native_prefix,False,PASS,PASS,REVIEW,BLOCK,BLOCK,BLOCK,BLOCK
153,7.299742588964123,0.847448965582377,False,0.8385785922893921,0.0,0.9867549668874173,0.0,skipped,5.887566682036791,-0.6386057333936564,99,1MBO,2,0.5,stitch_050pct_native_prefix,False,PASS,PASS,PASS,BLOCK,BLOCK,BLOCK,BLOCK
153,6.092524084416431,0.4577058310639385,False,0.8271999177640083,0.0,0.9801324503311258,0.0,skipped,5.365292238272667,-0.6718515598749435,99,1MBO,2,0.6,stitch_060pct_native_prefix,False,PASS,PASS,PASS,BLOCK,BLOCK,BLOCK,BLOCK
153,4.542873450445201,-0.04258942883908989,False,0.8170811089381796,0.0,0.9801324503311258,0.0,skipped,5.307266542645687,-0.6645020078966842,112,1MBO,2,0.75,stitch_075pct_native_prefix,False,PASS,PASS,PASS,BLOCK,BLOCK,BLOCK,BLOCK
153,3.680838973333367,-0.3208920044763049,False,0.8147829235431571,0.0,0.9801324503311258,0.0,skipped,1.982244127380025,-0.713022296084933,112,1MBO,2,0.9,stitch_090pct_native_prefix,False,PASS,PASS,PASS,REVIEW,REVIEW,PASS,PASS
153,3.0606218920950785,-0.5211253080688925,False,0.8173218568331178,0.0,0.9801324503311258,0.0,skipped,0.44514872853671644,-0.7378599090060463,112,1MBO,2,1.0,stitch_100pct_native_prefix,False,PASS,PASS,PASS,PASS,PASS,PASS,PASS
54,3.9339675984661353,-0.23917097102300217,False,0.7895157010029835,0.0,0.9807692307692307,0.0,skipped,0.30708113367333717,-0.33307495350807287,11,1ENH,-1,1.0,native,False,PASS,PASS,PASS,PASS,PASS,PASS,PASS
54,13.89761424784604,2.977531607453794,True,0.8146265801314216,0.0,1.0,0.0,skipped,4.925234436795154,2.168951584982683,14,1ENH,0,0.0,stitch_000pct_native_prefix,True,REVIEW,PASS,REVIEW,BLOCK,BLOCK,BLOCK,BLOCK
54,13.89761424784604,2.977531607453794,True,0.8146265801314216,0.0,1.0,0.0,skipped,4.925234436795154,2.168951584982683,14,1ENH,0,0.1,stitch_010pct_native_prefix,False,REVIEW,PASS,REVIEW,BLOCK,BLOCK,BLOCK,BLOCK
54,11.300152029181541,2.13895676530058,False,0.8016524896360202,0.0,1.0,0.0,skipped,4.506424351673703,1.2125217248179725,14,1ENH,0,0.25,stitch_025pct_native_prefix,False,REVIEW,PASS,REVIEW,BLOCK,BLOCK,BLOCK,BLOCK
54,8.584995506179151,1.2623850345022545,False,0.8109961120240715,0.0,1.0,0.0,skipped,2.4144695145601003,0.30391367743490083,14,1ENH,0,0.4,stitch_040pct_native_prefix,False,PASS,PASS,REVIEW,REVIEW,REVIEW,REVIEW,REVIEW
54,8.076263647840674,1.0981440554654762,False,0.8041009843277492,0.0,1.0,0.0,skipped,2.1337006542112413,0.1699518259996426,24,1ENH,0,0.5,stitch_050pct_native_prefix,False,PASS,PASS,REVIEW,REVIEW,REVIEW,REVIEW,REVIEW
54,7.901487213399353,1.0417185491113976,False,0.7868021970005473,0.0,1.0,0.0,skipped,2.024812458227528,0.10950361233876738,14,1ENH,0,0.6,stitch_060pct_native_prefix,False,PASS,PASS,REVIEW,REVIEW,REVIEW,REVIEW,REVIEW
54,5.9817883873507345,0.42195548635427127,False,0.7946565627320272,0.0,0.9807692307692307,0.0,skipped,0.7740062808792192,0.06267548812750225,14,1ENH,0,0.75,stitch_075pct_native_prefix,False,PASS,PASS,PASS,PASS,PASS,PASS,PASS
54,4.849816358589079,0.0565052178114942,False,0.7924942143161269,0.0,0.9807692307692307,0.0,skipped,0.29810382884908787,-0.26572123914621526,11,1ENH,0,0.9,stitch_090pct_native_prefix,False,PASS,PASS,PASS,PASS,PASS,PASS,PASS
54,3.9339675984661353,-0.23917097102300217,False,0.7895157010029835,0.0,0.9807692307692307,0.0,skipped,0.30708113367333717,-0.33307495350807287,11,1ENH,0,1.0,stitch_100pct_native_prefix,False,PASS,PASS,PASS,PASS,PASS,PASS,PASS
54,13.71516225241232,2.9186280930265327,True,0.8051821585356994,0.0,1.0,0.0,skipped,3.683664007624081,1.4713396527322395,4,1ENH,1,0.0,stitch_000pct_native_prefix,True,REVIEW,PASS,REVIEW,BLOCK,BLOCK,BLOCK,BLOCK
54,12.932035431069288,2.665800373002434,True,0.8051821585356994,0.0,1.0,0.0,skipped,3.603629462925086,1.417426697541351,4,1ENH,1,0.1,stitch_010pct_native_prefix,False,REVIEW,PASS,REVIEW,BLOCK,BLOCK,BLOCK,BLOCK
54,8.863676152704768,1.3523553822871512,False,0.7977358752528413,0.0,1.0,0.0,skipped,2.0520514444374744,0.8275900021096941,14,1ENH,1,0.25,stitch_025pct_native_prefix,False,PASS,PASS,REVIEW,REVIEW,REVIEW,REVIEW,REVIEW
54,7.955713803022775,1.0592252729848823,False,0.8273567982812376,0.0,1.0,0.0,skipped,1.6347148889799394,0.5579985184045622,11,1ENH,1,0.4,stitch_040pct_native_prefix,False,PASS,PASS,REVIEW,REVIEW,REVIEW,PASS,PASS
54,7.158272090555603,0.8017760776305142,False,0.8273567982812376,0.0,1.0,0.0,skipped,1.5126350164350018,0.13583596496390238,24,1ENH,1,0.5,stitch_050pct_native_prefix,False,PASS,PASS,PASS,REVIEW,REVIEW,PASS,PASS
54,6.807863609518157,0.6886488357543241,False,0.8143827077858363,0.0,0.9807692307692307,0.0,skipped,1.3108244587977071,0.05619906963297272,24,1ENH,1,0.6,stitch_060pct_native_prefix,False,PASS,PASS,PASS,PASS,REVIEW,PASS,PASS
54,5.720869332989433,0.3377193603180313,False,0.792759223626834,0.0,0.9807692307692307,0.0,skipped,0.5877053998018553,0.0747242239201789,24,1ENH,1,0.75,stitch_075pct_native_prefix,False,PASS,PASS,PASS,PASS,PASS,PASS,PASS
54,4.882090846484018,0.06692483947051088,False,0.7972269935965488,0.0,0.9807692307692307,0.0,skipped,0.2752002903383241,-0.17966713858168465,11,1ENH,1,0.9,stitch_090pct_native_prefix,False,PASS,PASS,PASS,PASS,PASS,PASS,PASS
54,3.9339675984661353,-0.23917097102300217,False,0.7895157010029835,0.0,0.9807692307692307,0.0,skipped,0.30708113367333717,-0.33307495350807287,11,1ENH,1,1.0,stitch_100pct_native_prefix,False,PASS,PASS,PASS,PASS,PASS,PASS,PASS
54,13.424797111920572,2.824885477597902,True,0.8488583462674474,0.0,1.0,0.0,skipped,3.687894759745215,1.145473028396136,0,1ENH,2,0.0,stitch_000pct_native_prefix,True,REVIEW,PASS,REVIEW,BLOCK,BLOCK,BLOCK,BLOCK
54,13.093418769277145,2.7179019998870766,True,0.8403308887766391,0.0,1.0,0.0,skipped,3.414321228907224,1.1519935976346496,0,1ENH,2,0.1,stitch_010pct_native_prefix,False,REVIEW,PASS,REVIEW,BLOCK,BLOCK,REVIEW,REVIEW
54,8.390736471377414,1.1996696893953451,False,0.8337219073561456,0.0,1.0,0.0,skipped,2.273063502662491,0.7294315925979448,14,1ENH,2,0.25,stitch_025pct_native_prefix,False,PASS,PASS,REVIEW,REVIEW,REVIEW,REVIEW,REVIEW
54,7.573284448148252,0.9357602872021262,False,0.8095279923326216,0.0,1.0,0.0,skipped,1.7589608934370422,0.3571808843573594,18,1ENH,2,0.4,stitch_040pct_native_prefix,False,PASS,PASS,PASS,REVIEW,REVIEW,PASS,PASS
54,7.148466855740107,0.7986105173468664,False,0.8018166997390564,0.0,1.0,0.0,skipped,1.4920149474437692,0.18698038869741743,18,1ENH,2,0.5,stitch_050pct_native_prefix,False,PASS,PASS,PASS,PASS,REVIEW,PASS,PASS
54,7.148466855740107,0.7986105173468664,False,0.8018166997390564,0.0,1.0,0.0,skipped,1.4920149474437692,0.18698038869741743,18,1ENH,2,0.6,stitch_060pct_native_prefix,False,PASS,PASS,PASS,PASS,REVIEW,PASS,PASS
54,5.463087819366937,0.2544961701816427,False,0.7903318659002266,0.0,0.9807692307692307,0.0,skipped,0.5181280443224485,0.0918754167347181,18,1ENH,2,0.75,stitch_075pct_native_prefix,False,PASS,PASS,PASS,PASS,PASS,PASS,PASS
54,4.099587055903979,-0.18570173886999367,False,0.7899237834516051,0.0,0.9807692307692307,0.0,skipped,0.32645472367598716,-0.30577707903588164,11,1ENH,2,0.9,stitch_090pct_native_prefix,False,PASS,PASS,PASS,PASS,PASS,PASS,PASS
54,3.9339675984661353,-0.23917097102300217,False,0.7895157010029835,0.0,0.9807692307692307,0.0,skipped,0.30708113367333717,-0.33307495350807287,11,1ENH,2,1.0,stitch_100pct_native_prefix,False,PASS,PASS,PASS,PASS,PASS,PASS,PASS
56,6.3979789375510565,0.5563200682265491,False,0.771821085252066,0.0,1.0,0.0,skipped,1.215659277080706,0.2944098107282559,10,1PGA,-1,1.0,native,False,PASS,PASS,PASS,PASS,REVIEW,PASS,PASS
56,21.192151806630044,5.332528587961595,True,0.8470575458134442,0.0,1.0,0.0,skipped,5.579890082178251,4.013825756864257,17,1PGA,0,0.0,stitch_000pct_native_prefix,True,BLOCK,PASS,BLOCK,BLOCK,BLOCK,BLOCK,BLOCK
56,19.348273820980996,4.737243821294059,True,0.844991301771584,0.0,1.0,0.0,skipped,5.541812432859525,3.2217064988801116,17,1PGA,0,0.1,stitch_010pct_native_prefix,False,BLOCK,PASS,BLOCK,BLOCK,BLOCK,BLOCK,BLOCK
56,19.14940263906387,4.6730394726083935,True,0.8509368027780446,0.0,1.0,0.0,skipped,6.382404468478608,3.0765532500147854,13,1PGA,0,0.25,stitch_025pct_native_prefix,False,BLOCK,PASS,BLOCK,BLOCK,BLOCK,BLOCK,BLOCK
56,17.807250230412436,4.239733749759761,True,0.8385393385268832,0.0,1.0,0.0,skipped,6.195691264963017,2.6425355423676145,17,1PGA,0,0.4,stitch_040pct_native_prefix,False,BLOCK,PASS,BLOCK,BLOCK,BLOCK,BLOCK,BLOCK
56,14.781010066516465,3.2627305619861318,True,0.7966676003625391,0.0,1.0,0.0,skipped,4.4936576879780725,1.3077411961847096,26,1PGA,0,0.5,stitch_050pct_native_prefix,False,BLOCK,PASS,BLOCK,BLOCK,BLOCK,BLOCK,BLOCK
56,12.309554277276389,2.46483612738826,False,0.8117946827700355,0.0,1.0,0.0,skipped,3.369936908259366,0.9681146580642674,26,1PGA,0,0.6,stitch_060pct_native_prefix,False,REVIEW,PASS,REVIEW,BLOCK,BLOCK,REVIEW,REVIEW
56,11.348781916928953,2.154656628093072,False,0.8045628286235249,0.0,1.0,0.0,skipped,2.9134404925736836,0.87345232128906,26,1PGA,0,0.75,stitch_075pct_native_prefix,False,REVIEW,PASS,REVIEW,REVIEW,REVIEW,REVIEW,REVIEW
56,6.668443665425765,0.6436379567624443,False,0.771821085252066,0.0,1.0,0.0,skipped,1.2464779131381027,0.31834806111789316,10,1PGA,0,0.9,stitch_090pct_native_prefix,False,PASS,PASS,PASS,PASS,REVIEW,PASS,PASS
56,6.3979789375510565,0.5563200682265491,False,0.771821085252066,0.0,1.0,0.0,skipped,1.215659277080706,0.2944098107282559,10,1PGA,0,1.0,stitch_100pct_native_prefix,False,PASS,PASS,PASS,PASS,REVIEW,PASS,PASS
56,18.708463933118267,4.53068509952816,True,0.8445609612317796,0.0,1.0,0.0,skipped,4.312111390752475,3.179367279217822,10,1PGA,1,0.0,stitch_000pct_native_prefix,True,BLOCK,PASS,BLOCK,BLOCK,BLOCK,BLOCK,BLOCK
56,18.36012246012491,4.418225178597717,True,0.8384787458935341,0.0,1.0,0.0,skipped,4.344013135503954,3.0270457947631395,8,1PGA,1,0.1,stitch_010pct_native_prefix,False,BLOCK,PASS,BLOCK,BLOCK,BLOCK,BLOCK,BLOCK
56,16.90775137842853,3.949336029092537,True,0.840175242028939,0.0,1.0,0.0,skipped,4.739364058738918,2.3455364695159706,17,1PGA,1,0.25,stitch_025pct_native_prefix,False,BLOCK,PASS,BLOCK,BLOCK,BLOCK,BLOCK,BLOCK
56,14.819176839624486,3.2750524720045235,True,0.7998834832126647,0.0,1.0,0.0,skipped,4.123995029041586,1.4918085987647236,26,1PGA,1,0.4,stitch_040pct_native_prefix,False,BLOCK,PASS,BLOCK,BLOCK,BLOCK,BLOCK,BLOCK
56,14.819176839624486,3.2750524720045235,True,0.7998834832126647,0.0,1.0,0.0,skipped,4.123995029041586,1.4918085987647236,26,1PGA,1,0.5,stitch_050pct_native_prefix,False,BLOCK,PASS,BLOCK,BLOCK,BLOCK,BLOCK,BLOCK
56,11.606369273137643,2.2378171356920724,False,0.7854197749196432,0.0,1.0,0.0,skipped,2.809364642449673,1.0108300848949499,26,1PGA,1,0.6,stitch_060pct_native_prefix,False,REVIEW,PASS,REVIEW,REVIEW,REVIEW,REVIEW,REVIEW
56,10.317269721681452,1.8216392043580183,False,0.7598449555155106,0.0,1.0,0.0,skipped,2.15800893416601,0.9245711567357827,26,1PGA,1,0.75,stitch_075pct_native_prefix,False,REVIEW,PASS,REVIEW,REVIEW,REVIEW,REVIEW,REVIEW
56,9.950201719600702,1.7031335376759347,False,0.7770382819648671,0.0,1.0,0.0,skipped,2.0641268894561406,0.8484255688470337,26,1PGA,1,0.9,stitch_090pct_native_prefix,False,REVIEW,PASS,REVIEW,REVIEW,REVIEW,REVIEW,REVIEW
56,6.3979789375510565,0.5563200682265491,False,0.771821085252066,0.0,1.0,0.0,skipped,1.215659277080706,0.2944098107282559,10,1PGA,1,1.0,stitch_100pct_native_prefix,False,PASS,PASS,PASS,PASS,REVIEW,PASS,PASS
56,11.028870468916573,2.051375167407218,False,0.8038792569646003,0.0,1.0,0.0,skipped,2.300003204013938,1.4215831225416187,14,1PGA,2,0.0,stitch_000pct_native_prefix,True,REVIEW,PASS,REVIEW,REVIEW,REVIEW,REVIEW,REVIEW
56,10.54625973263465,1.8955672333818523,False,0.8053023244364355,0.0,1.0,0.0,skipped,2.3691068733666456,1.277528597065332,13,1PGA,2,0.1,stitch_010pct_native_prefix,False,REVIEW,PASS,REVIEW,REVIEW,REVIEW,REVIEW,REVIEW
56,10.015801110493456,1.7243119011061914,False,0.8047958621981953,0.0,1.0,0.0,skipped,2.603393820426221,1.0813277120428202,13,1PGA,2,0.25,stitch_025pct_native_prefix,False,REVIEW,PASS,REVIEW,REVIEW,REVIEW,REVIEW,REVIEW
56,10.578243382538899,1.9058929597686363,False,0.7912285615943189,0.0,0.9814814814814815,0.0,skipped,2.903332093231888,1.4190368417983674,13,1PGA,2,0.4,stitch_040pct_native_prefix,False,REVIEW,PASS,REVIEW,REVIEW,REVIEW,REVIEW,REVIEW
56,9.685730388690182,1.6177505808118424,False,0.774582092472102,0.0,1.0,0.0,skipped,2.0934608754999795,0.9375494174293206,14,1PGA,2,0.5,stitch_050pct_native_prefix,False,REVIEW,PASS,REVIEW,REVIEW,REVIEW,REVIEW,REVIEW
56,9.420392802572618,1.5320879587351859,False,0.7694164823674514,0.0,1.0,0.0,skipped,1.8674868056266283,0.8792615800206998,14,1PGA,2,0.6,stitch_060pct_native_prefix,False,REVIEW,PASS,REVIEW,REVIEW,REVIEW,PASS,PASS
56,8.269419311375218,1.1605031838853537,False,0.7714827264093115,0.0,1.0,0.0,skipped,1.3868126905607434,0.812616566914895,5,1PGA,2,0.75,stitch_075pct_native_prefix,False,PASS,PASS,REVIEW,PASS,REVIEW,PASS,PASS
56,7.251635125761437,0.8319177643692461,False,0.7787145805558223,0.0,1.0,0.0,skipped,1.226482242677838,0.4577455892037729,10,1PGA,2,0.9,stitch_090pct_native_prefix,False,PASS,PASS,PASS,PASS,REVIEW,PASS,PASS
56,6.3979789375510565,0.5563200682265491,False,0.771821085252066,0.0,1.0,0.0,skipped,1.215659277080706,0.2944098107282559,10,1PGA,2,1.0,stitch_100pct_native_prefix,False,PASS,PASS,PASS,PASS,REVIEW,PASS,PASS
69,2.472943259449509,-0.7108537719003926,False,0.8211737253873304,0.0,0.9701492537313433,0.0,skipped,-0.3828995884412419,-0.8000453820938177,0,1UZC,-1,1.0,native,False,PASS,PASS,PASS,PASS,PASS,PASS,PASS
69,17.08683298285043,4.007151433328851,True,0.8344977047101029,0.0,0.9850746268656716,0.0,skipped,4.207095879264543,1.7511617344288082,36,1UZC,0,0.0,stitch_000pct_native_prefix,True,BLOCK,PASS,BLOCK,BLOCK,BLOCK,BLOCK,BLOCK
69,16.021733585718753,3.663290586226171,True,0.8289771843452253,0.0,0.9850746268656716,0.0,skipped,4.327885452370019,1.4437150465063129,36,1UZC,0,0.1,stitch_010pct_native_prefix,False,BLOCK,PASS,BLOCK,BLOCK,BLOCK,BLOCK,BLOCK
69,16.461455194200518,3.805252026810105,True,0.834588105665794,0.0,0.9850746268656716,0.0,skipped,4.3235798647491155,1.663060814654215,36,1UZC,0,0.25,stitch_025pct_native_prefix,False,BLOCK,PASS,BLOCK,BLOCK,BLOCK,BLOCK,BLOCK
69,15.201458730492446,3.3984698499317587,True,0.8134449968765017,0.0,1.0,0.0,skipped,4.3485285777090095,1.0963022393197437,36,1UZC,0,0.4,stitch_040pct_native_prefix,False,BLOCK,PASS,BLOCK,BLOCK,BLOCK,BLOCK,BLOCK
69,14.420341744555323,3.1462909930157177,True,0.8207651100386916,0.0,1.0,0.0,skipped,4.09221091977401,0.9224968876349762,36,1UZC,0,0.5,stitch_050pct_native_prefix,False,BLOCK,PASS,BLOCK,BLOCK,BLOCK,BLOCK,BLOCK
69,14.643718236182671,3.218406731547404,True,0.8159557489067756,0.0,1.0,0.0,skipped,4.446797859348208,0.9264114351215763,37,1UZC,0,0.6,stitch_060pct_native_prefix,False,BLOCK,PASS,BLOCK,BLOCK,BLOCK,BLOCK,BLOCK
69,11.902193956862849,2.3333223313701206,False,0.8438452241068617,0.0,1.0,0.0,skipped,2.787599718655394,0.7824176543823248,37,1UZC,0,0.75,stitch_075pct_native_prefix,False,REVIEW,PASS,REVIEW,REVIEW,REVIEW,REVIEW,REVIEW
69,2.7297835357209945,-0.6279344545046277,False,0.8240774222576183,0.0,0.9701492537313433,0.0,skipped,-0.39939294576267526,-0.7992574747284942,0,1UZC,0,0.9,stitch_090pct_native_prefix,False,PASS,PASS,PASS,PASS,PASS,PASS,PASS
69,2.472943259449509,-0.7108537719003926,False,0.8211737253873304,0.0,0.9701492537313433,0.0,skipped,-0.3828995884412419,-0.8000453820938177,0,1UZC,0,1.0,stitch_100pct_native_prefix,False,PASS,PASS,PASS,PASS,PASS,PASS,PASS
69,19.857284932812764,4.901574955618708,True,0.853161402486371,0.0,1.0,0.0,skipped,4.358821491564198,3.4742177146307616,18,1UZC,1,0.0,stitch_000pct_native_prefix,True,BLOCK,PASS,BLOCK,BLOCK,BLOCK,BLOCK,BLOCK
69,19.908260831699433,4.9180322138053105,True,0.8537664902550166,0.0,1.0,0.0,skipped,4.429778525991473,3.409164134361118,18,1UZC,1,0.1,stitch_010pct_native_prefix,False,BLOCK,PASS,BLOCK,BLOCK,BLOCK,BLOCK,BLOCK
69,17.215684636584122,4.048750404206843,True,0.8395192087706507,0.0,0.9850746268656716,0.0,skipped,4.747558814433819,1.9348731762836424,31,1UZC,1,0.25,stitch_025pct_native_prefix,False,BLOCK,PASS,BLOCK,BLOCK,BLOCK,BLOCK,BLOCK
69,14.82331888698054,3.276389706741889,True,0.8299908874625097,0.0,0.9850746268656716,0.0,skipped,4.531668282841298,1.0864424229803562,31,1UZC,1,0.4,stitch_040pct_native_prefix,False,BLOCK,PASS,BLOCK,BLOCK,BLOCK,BLOCK,BLOCK
69,10.331667613914073,1.826287476090154,False,0.8315940078398151,0.0,0.9850746268656716,0.0,skipped,3.252565886753251,0.08835592907905528,33,1UZC,1,0.5,stitch_050pct_native_prefix,False,REVIEW,PASS,REVIEW,BLOCK,BLOCK,REVIEW,REVIEW
69,7.977579740225639,1.0662845575075468,False,0.8364190394803558,0.0,0.9850746268656716,0.0,skipped,2.269051716422572,-0.21037994373841185,39,1UZC,1,0.6,stitch_060pct_native_prefix,False,PASS,PASS,REVIEW,REVIEW,REVIEW,REVIEW,REVIEW
69,5.0657201164220504,0.1262084297943651,False,0.8350123915230575,0.0,0.9850746268656716,0.0,skipped,0.8459518133401536,-0.6530938180193708,39,1UZC,1,0.75,stitch_075pct_native_prefix,False,PASS,PASS,PASS,PASS,PASS,PASS,PASS
69,3.1119542467707517,-0.5045529703039037,False,0.814957716298116,0.0,0.9701492537313433,0.0,skipped,-0.3034186636676156,-0.7560422246647919,39,1UZC,1,0.9,stitch_090pct_native_prefix,False,PASS,PASS,PASS,PASS,PASS,PASS,PASS
69,2.472943259449509,-0.7108537719003926,False,0.8211737253873304,0.0,0.9701492537313433,0.0,skipped,-0.3828995884412419,-0.8000453820938177,0,1UZC,1,1.0,stitch_100pct_native_prefix,False,PASS,PASS,PASS,PASS,PASS,PASS,PASS
69,22.441721050254344,5.735944400404295,True,0.8206903795916252,0.0,0.9850746268656716,0.0,skipped,5.505104214720668,3.4577886336703805,37,1UZC,2,0.0,stitch_000pct_native_prefix,True,BLOCK,PASS,BLOCK,BLOCK,BLOCK,BLOCK,BLOCK
69,20.97187893829289,5.2614148352882495,True,0.8200852918229795,0.0,0.9850746268656716,0.0,skipped,5.225658100686839,2.9508475121445215,37,1UZC,2,0.1,stitch_010pct_native_prefix,False,BLOCK,PASS,BLOCK,BLOCK,BLOCK,BLOCK,BLOCK
69,18.452138394355142,4.447931961998929,True,0.8254840702149164,0.0,0.9850746268656716,0.0,skipped,5.399613116219058,1.8193978768476677,37,1UZC,2,0.25,stitch_025pct_native_prefix,False,BLOCK,PASS,BLOCK,BLOCK,BLOCK,BLOCK,BLOCK
69,17.387340180123747,4.104168349959477,True,0.8235784059532884,0.0,0.9701492537313433,0.0,skipped,5.733144552245742,1.2377320904144167,37,1UZC,2,0.4,stitch_040pct_native_prefix,False,BLOCK,PASS,BLOCK,BLOCK,BLOCK,BLOCK,BLOCK
69,12.105470400013047,2.3989488917886925,False,0.8307924476511623,0.0,0.9701492537313433,0.0,skipped,6.613390490477747,-0.052562415103367816,37,1UZC,2,0.5,stitch_050pct_native_prefix,False,REVIEW,PASS,REVIEW,BLOCK,BLOCK,BLOCK,BLOCK
69,8.178218294175917,1.1310594914795258,False,0.8325016394927837,0.0,0.9701492537313433,0.0,skipped,4.3447765391363,-0.503179020619152,39,1UZC,2,0.6,stitch_060pct_native_prefix,False,PASS,PASS,REVIEW,BLOCK,BLOCK,BLOCK,BLOCK
69,5.018295451655913,0.11089766589386825,False,0.819570605010025,0.0,0.9701492537313433,0.0,skipped,1.019027003621021,-0.665410746865173,39,1UZC,2,0.75,stitch_075pct_native_prefix,False,PASS,PASS,PASS,PASS,REVIEW,PASS,PASS
69,3.648896443285529,-0.33120445556812955,False,0.8187690448213722,0.0,0.9701492537313433,0.0,skipped,-0.04155163536303676,-0.7083089804977136,39,1UZC,2,0.9,stitch_090pct_native_prefix,False,PASS,PASS,PASS,PASS,PASS,PASS,PASS
69,2.472943259449509,-0.7108537719003926,False,0.8211737253873304,0.0,0.9701492537313433,0.0,skipped,-0.3828995884412419,-0.8000453820938177,0,1UZC,2,1.0,stitch_100pct_native_prefix,False,PASS,PASS,PASS,PASS,PASS,PASS,PASS
61,7.745913109313295,0.9914923980476218,False,0.7761476454587192,0.0,1.0,0.0,skipped,1.7901023764718473,0.4619419459993096,17,2IGD,-1,1.0,native,False,PASS,PASS,PASS,REVIEW,REVIEW,PASS,PASS
61,17.57403528915644,4.164441727744492,True,0.8117547545290725,0.0,0.9830508474576272,0.0,skipped,3.8635060826827727,2.344624826182922,2,2IGD,0,0.0,stitch_000pct_native_prefix,True,BLOCK,PASS,BLOCK,BLOCK,BLOCK,BLOCK,BLOCK
61,16.866999766692047,3.936179619681131,True,0.806403803623258,0.0,0.9830508474576272,0.0,skipped,3.460011830578094,2.304922088472913,31,2IGD,0,0.1,stitch_010pct_native_prefix,False,BLOCK,PASS,BLOCK,BLOCK,BLOCK,REVIEW,REVIEW
61,14.839706985857319,3.281680504556016,True,0.801403803623258,0.0,0.9830508474576272,0.0,skipped,3.4669691804105596,1.888968148886583,31,2IGD,0,0.25,stitch_025pct_native_prefix,False,BLOCK,PASS,BLOCK,BLOCK,BLOCK,REVIEW,REVIEW
61,14.114498335662173,3.047551312995255,True,0.7880355152537242,0.0,0.9830508474576272,0.0,skipped,3.4433446777438252,1.3797887632824273,31,2IGD,0,0.4,stitch_040pct_native_prefix,False,BLOCK,PASS,BLOCK,BLOCK,BLOCK,REVIEW,REVIEW
61,14.011367044632433,3.0142560044148716,True,0.7932816010509369,0.0,0.9830508474576272,0.0,skipped,3.2716592153460398,1.7550353067047966,27,2IGD,0,0.5,stitch_050pct_native_prefix,False,BLOCK,PASS,BLOCK,BLOCK,BLOCK,REVIEW,REVIEW
61,12.739020818908832,2.603486782158777,True,0.7923517912320999,0.0,0.9830508474576272,0.0,skipped,3.044639851708242,1.0150354964308221,31,2IGD,0,0.6,stitch_060pct_native_prefix,False,REVIEW,PASS,REVIEW,BLOCK,BLOCK,REVIEW,REVIEW
61,13.062794419093986,2.708015115128425,True,0.7751412206886111,0.0,0.9830508474576272,0.0,skipped,2.6587599311530608,1.7565759807123964,31,2IGD,0,0.75,stitch_075pct_native_prefix,False,REVIEW,PASS,REVIEW,REVIEW,REVIEW,REVIEW,REVIEW
61,11.859016528464496,2.3193827618381535,False,0.7830536930437288,0.0,1.0,0.0,skipped,2.241836107911379,1.4028641065585277,31,2IGD,0,0.9,stitch_090pct_native_prefix,False,REVIEW,PASS,REVIEW,REVIEW,REVIEW,REVIEW,REVIEW
61,7.745913109313295,0.9914923980476218,False,0.7761476454587192,0.0,1.0,0.0,skipped,1.7901023764718473,0.4619419459993096,17,2IGD,0,1.0,stitch_100pct_native_prefix,False,PASS,PASS,PASS,REVIEW,REVIEW,PASS,PASS
61,12.62885430679781,2.5679201953417534,True,0.814298098188371,0.0,1.0,0.0,skipped,2.821158039587575,1.6226417693656547,31,2IGD,1,0.0,stitch_000pct_native_prefix,True,REVIEW,PASS,REVIEW,REVIEW,REVIEW,REVIEW,REVIEW
61,12.937082251309706,2.667429708149669,True,0.8165086687318596,0.0,1.0,0.0,skipped,2.9709542826175936,1.6594489158699752,31,2IGD,1,0.1,stitch_010pct_native_prefix,False,REVIEW,PASS,REVIEW,REVIEW,REVIEW,REVIEW,REVIEW
61,12.724265469967772,2.5987231077075172,True,0.8060528527174435,0.0,1.0,0.0,skipped,2.8929952777729397,1.5892912320174286,18,2IGD,1,0.25,stitch_025pct_native_prefix,False,REVIEW,PASS,REVIEW,REVIEW,REVIEW,REVIEW,REVIEW
61,11.999514670066283,2.3647417303228293,False,0.7791932330797693,0.0,1.0,0.0,skipped,3.161936625551542,1.2142020058594414,18,2IGD,1,0.4,stitch_040pct_native_prefix,False,REVIEW,PASS,REVIEW,BLOCK,BLOCK,REVIEW,REVIEW
61,11.955002456043465,2.350371233389377,False,0.7819826625362807,0.0,1.0,0.0,skipped,3.011039452041834,1.1461421352586423,18,2IGD,1,0.5,stitch_050pct_native_prefix,False,REVIEW,PASS,REVIEW,BLOCK,BLOCK,REVIEW,REVIEW
61,13.22731313130109,2.7611289783942614,True,0.782105705434887,0.0,1.0,0.0,skipped,3.238508260375965,1.5666952384474284,31,2IGD,1,0.6,stitch_060pct_native_prefix,False,REVIEW,PASS,REVIEW,BLOCK,BLOCK,REVIEW,REVIEW
61,10.653418576918458,1.9301628129767758,False,0.7667547545290725,0.0,1.0,0.0,skipped,1.754144465092755,1.2898265106856346,10,2IGD,1,0.75,stitch_075pct_native_prefix,False,REVIEW,PASS,REVIEW,REVIEW,REVIEW,PASS,PASS
61,8.664287243002233,1.2879838883422374,False,0.7777027421379143,0.0,1.0,0.0,skipped,1.8299123881837691,0.7071665368965167,18,2IGD,1,0.9,stitch_090pct_native_prefix,False,PASS,PASS,REVIEW,REVIEW,REVIEW,PASS,PASS
61,7.745913109313295,0.9914923980476218,False,0.7761476454587192,0.0,1.0,0.0,skipped,1.7901023764718473,0.4619419459993096,17,2IGD,1,1.0,stitch_100pct_native_prefix,False,PASS,PASS,PASS,REVIEW,REVIEW,PASS,PASS
61,20.82766420817208,5.214855988857981,True,0.8260528527174436,0.0,1.0,0.0,skipped,4.901941593706003,3.728564949008001,1,2IGD,2,0.0,stitch_000pct_native_prefix,True,BLOCK,PASS,BLOCK,BLOCK,BLOCK,BLOCK,BLOCK
61,21.551869213037545,5.4486611596426675,True,0.8260528527174436,0.0,1.0,0.0,skipped,5.0793321181634905,3.9883243272627737,1,2IGD,2,0.1,stitch_010pct_native_prefix,False,BLOCK,PASS,BLOCK,BLOCK,BLOCK,BLOCK,BLOCK
61,19.139258398173183,4.669764466280084,True,0.8397720919927919,0.0,1.0,0.0,skipped,4.586628319130388,3.429169634079543,28,2IGD,2,0.25,stitch_025pct_native_prefix,False,BLOCK,PASS,BLOCK,BLOCK,BLOCK,BLOCK,BLOCK
61,15.076813315305737,3.3582288375257887,True,0.8175796992393078,0.0,1.0,0.0,skipped,4.124418460644245,1.6980849795222837,28,2IGD,2,0.4,stitch_040pct_native_prefix,False,BLOCK,PASS,BLOCK,BLOCK,BLOCK,BLOCK,BLOCK
61,15.663775013708658,3.5477258435077608,True,0.8045623617755885,0.0,1.0,0.0,skipped,4.193498943614569,1.930369176483389,31,2IGD,2,0.5,stitch_050pct_native_prefix,False,BLOCK,PASS,BLOCK,BLOCK,BLOCK,BLOCK,BLOCK
61,15.663775013708658,3.5477258435077608,True,0.8045623617755885,0.0,1.0,0.0,skipped,4.193498943614569,1.930369176483389,31,2IGD,2,0.6,stitch_060pct_native_prefix,False,BLOCK,PASS,BLOCK,BLOCK,BLOCK,BLOCK,BLOCK
61,13.71237569128948,2.9177284687559872,True,0.7820008403262854,0.0,1.0,0.0,skipped,2.9860656864379873,1.726297001863065,31,2IGD,2,0.75,stitch_075pct_native_prefix,False,REVIEW,PASS,REVIEW,REVIEW,REVIEW,REVIEW,REVIEW
61,9.530217844828668,1.5675443040912653,False,0.7800181777900047,0.0,1.0,0.0,skipped,1.7229927612932079,0.717417014738717,18,2IGD,2,0.9,stitch_090pct_native_prefix,False,REVIEW,PASS,REVIEW,REVIEW,REVIEW,PASS,PASS
61,7.745913109313295,0.9914923980476218,False,0.7761476454587192,0.0,1.0,0.0,skipped,1.7901023764718473,0.4619419459993096,17,2IGD,2,1.0,stitch_100pct_native_prefix,False,PASS,PASS,PASS,REVIEW,REVIEW,PASS,PASS
75,3.633538364358356,-0.3361627177209289,False,0.7877481474161946,0.0,0.9315068493150684,0.0,skipped,-0.055918454309607186,-0.46548848976591145,19,3ICB,-1,1.0,native,False,PASS,PASS,PASS,PASS,PASS,PASS,PASS
75,17.978435469093263,4.294999860455894,True,0.8296062306388153,0.0,1.0,0.0,skipped,3.9081618834042278,2.668364757138228,15,3ICB,0,0.0,stitch_000pct_native_prefix,True,BLOCK,PASS,BLOCK,BLOCK,BLOCK,BLOCK,BLOCK
75,13.987180994421369,3.0064476855518234,True,0.8226981976904132,0.0,0.9863013698630136,0.0,skipped,3.5444448224750094,1.1532042563714346,33,3ICB,0,0.1,stitch_010pct_native_prefix,False,BLOCK,PASS,BLOCK,BLOCK,BLOCK,BLOCK,BLOCK
75,12.112337272827084,2.4011658198135697,False,0.8267005749549494,0.0,0.9863013698630136,0.0,skipped,4.295630977875539,0.1485174429949123,33,3ICB,0,0.25,stitch_025pct_native_prefix,False,REVIEW,PASS,REVIEW,BLOCK,BLOCK,BLOCK,BLOCK
75,10.73639902883855,1.9569525459979826,False,0.81670883319205,0.0,0.9726027397260274,0.0,skipped,4.354042604087368,-0.26152611210633586,33,3ICB,0,0.4,stitch_040pct_native_prefix,False,REVIEW,PASS,REVIEW,BLOCK,BLOCK,BLOCK,BLOCK
75,8.857066072291037,1.350221358123206,False,0.8013909793824255,0.0,0.9726027397260274,0.0,skipped,4.3144895998849195,-0.40640406704221027,42,3ICB,0,0.5,stitch_050pct_native_prefix,False,PASS,PASS,REVIEW,BLOCK,BLOCK,BLOCK,BLOCK
75,8.298155764034192,1.1697805724376815,False,0.7966951539921308,0.0,0.958904109589041,0.0,skipped,4.274978745579048,-0.44279940166704373,42,3ICB,0,0.6,stitch_060pct_native_prefix,False,PASS,PASS,REVIEW,BLOCK,BLOCK,BLOCK,BLOCK
75,5.959776434021181,0.4148490614152766,False,0.7900235164436303,0.0,0.9452054794520548,0.0,skipped,1.4058107636245798,-0.47284580950102734,42,3ICB,0,0.75,stitch_075pct_native_prefix,False,PASS,PASS,PASS,PASS,REVIEW,PASS,PASS
75,4.545842221552231,-0.0416309791859717,False,0.7896532087839265,0.0,0.9315068493150684,0.0,skipped,0.02952219794755398,-0.39529834096588534,42,3ICB,0,0.9,stitch_090pct_native_prefix,False,PASS,PASS,PASS,PASS,PASS,PASS,PASS
75,3.633538364358356,-0.3361627177209289,False,0.7877481474161946,0.0,0.9315068493150684,0.0,skipped,-0.055918454309607186,-0.46548848976591145,19,3ICB,0,1.0,stitch_100pct_native_prefix,False,PASS,PASS,PASS,PASS,PASS,PASS,PASS
75,16.879180143865856,3.9401119801953657,True,0.780465243809763,0.0,0.9315068493150684,0.0,skipped,4.323534326900167,2.5424232951499963,0,3ICB,1,0.0,stitch_000pct_native_prefix,True,BLOCK,PASS,BLOCK,BLOCK,BLOCK,BLOCK,BLOCK
75,14.839243466755438,3.2815308602397666,True,0.7768331742049306,0.0,0.9315068493150684,0.0,skipped,3.0431156092043676,2.466309481369189,7,3ICB,1,0.1,stitch_010pct_native_prefix,False,BLOCK,PASS,BLOCK,BLOCK,BLOCK,REVIEW,REVIEW
75,9.684937974558627,1.6174947547403355,False,0.765374403201657,0.0,0.9315068493150684,0.0,skipped,3.0305069063860346,0.6643960192292406,19,3ICB,1,0.25,stitch_025pct_native_prefix,False,REVIEW,PASS,REVIEW,BLOCK,BLOCK,REVIEW,REVIEW
75,7.525290428705438,0.9202657106152726,False,0.7543189056532952,0.0,0.9041095890410958,0.0,skipped,2.5873316211243274,-0.34280454204641686,32,3ICB,1,0.4,stitch_040pct_native_prefix,False,PASS,PASS,PASS,REVIEW,REVIEW,REVIEW,REVIEW
75,6.873561012117474,0.7098588416665272,False,0.7677646638903958,0.0,0.9178082191780822,0.0,skipped,2.3989636996186263,-0.41029431412986217,41,3ICB,1,0.5,stitch_050pct_native_prefix,False,PASS,PASS,PASS,REVIEW,REVIEW,REVIEW,REVIEW
75,6.580705470390409,0.6153122153815319,False,0.7773041721274963,0.0,0.9178082191780822,0.0,skipped,2.233307038639775,-0.4278296113651823,41,3ICB,1,0.6,stitch_060pct_native_prefix,False,PASS,PASS,PASS,REVIEW,REVIEW,REVIEW,REVIEW
75,4.637173982965126,-0.012145076807852916,False,0.7892971025226638,0.0,0.9315068493150684,0.0,skipped,0.4168101290595079,-0.4896141144331521,42,3ICB,1,0.75,stitch_075pct_native_prefix,False,PASS,PASS,PASS,PASS,PASS,PASS,PASS
75,4.21859400285548,-0.14728107155945946,False,0.7929291721274963,0.0,0.9315068493150684,0.0,skipped,0.004193519957613987,-0.4280751077331314,19,3ICB,1,0.9,stitch_090pct_native_prefix,False,PASS,PASS,PASS,PASS,PASS,PASS,PASS
75,3.633538364358356,-0.3361627177209289,False,0.7877481474161946,0.0,0.9315068493150684,0.0,skipped,-0.055918454309607186,-0.46548848976591145,19,3ICB,1,1.0,stitch_100pct_native_prefix,False,PASS,PASS,PASS,PASS,PASS,PASS,PASS
75,18.817025186884372,4.565733438474808,True,0.8112708793209376,0.0,0.9726027397260274,0.0,skipped,4.727165492513554,2.9937938309357817,8,3ICB,2,0.0,stitch_000pct_native_prefix,True,BLOCK,PASS,BLOCK,BLOCK,BLOCK,BLOCK,BLOCK
75,19.092530220752423,4.654678559072983,True,0.8149392207596258,0.0,0.958904109589041,0.0,skipped,4.651544782037503,3.0380606881959435,8,3ICB,2,0.1,stitch_010pct_native_prefix,False,BLOCK,PASS,BLOCK,BLOCK,BLOCK,BLOCK,BLOCK
75,10.999735158097835,2.0419690099296055,False,0.8211208397870615,0.0,0.9726027397260274,0.0,skipped,5.5768264806048755,0.311459385301412,29,3ICB,2,0.25,stitch_025pct_native_prefix,False,REVIEW,PASS,REVIEW,BLOCK,BLOCK,BLOCK,BLOCK
75,8.358338627939075,1.189210243151165,False,0.8255754505773967,0.0,0.9452054794520548,0.0,skipped,4.528420738666595,-0.3133430274495524,31,3ICB,2,0.4,stitch_040pct_native_prefix,False,PASS,PASS,REVIEW,BLOCK,BLOCK,BLOCK,BLOCK
75,6.243814900512125,0.5065491487126192,False,0.8087591148936001,0.0,0.9452054794520548,0.0,skipped,2.2177411508882057,-0.4706461517946378,41,3ICB,2,0.5,stitch_050pct_native_prefix,False,PASS,PASS,PASS,REVIEW,REVIEW,REVIEW,REVIEW
75,6.305246418806728,0.52638193988354,False,0.8040995613371611,0.0,0.9452054794520548,0.0,skipped,2.260961004041052,-0.4611601636152045,41,3ICB,2,0.6,stitch_060pct_native_prefix,False,PASS,PASS,PASS,REVIEW,REVIEW,REVIEW,REVIEW
75,4.397907913280059,-0.0893906687464093,False,0.7968354221274963,0.0,0.9315068493150684,0.0,skipped,0.3460076853389679,-0.5225049290550619,41,3ICB,2,0.75,stitch_075pct_native_prefix,False,PASS,PASS,PASS,PASS,PASS,PASS,PASS
75,3.633538364358356,-0.3361627177209289,False,0.7877481474161946,0.0,0.9315068493150684,0.0,skipped,-0.055918454309607186,-0.46548848976591145,19,3ICB,2,0.9,stitch_090pct_native_prefix,False,PASS,PASS,PASS,PASS,PASS,PASS,PASS
75,3.633538364358356,-0.3361627177209289,False,0.7877481474161946,0.0,0.9315068493150684,0.0,skipped,-0.055918454309607186,-0.46548848976591145,19,3ICB,2,1.0,stitch_100pct_native_prefix,False,PASS,PASS,PASS,PASS,PASS,PASS,PASS
58,5.03946054831309,0.11773068831895493,False,0.8712590455984743,0.0,1.0,0.0,skipped,0.19423205907607624,-0.15805602408463532,2,1BPI,-1,1.0,native,False,PASS,PASS,PASS,PASS,PASS,PASS,PASS
58,27.109519743192475,7.242914751698233,True,0.8746920963228603,0.0,1.0,0.0,skipped,6.886918208590304,5.536870660865278,8,1BPI,0,0.0,stitch_000pct_native_prefix,True,BLOCK,PASS,BLOCK,BLOCK,BLOCK,BLOCK,BLOCK
58,27.704888916560346,7.435126059717393,True,0.8831096201049004,0.0,1.0,0.0,skipped,7.095979835257018,5.740679012318593,8,1BPI,0,0.1,stitch_010pct_native_prefix,False,BLOCK,PASS,BLOCK,BLOCK,BLOCK,BLOCK,BLOCK
58,26.462493535978478,7.034026285223275,True,0.892385406568037,0.0,1.0,0.0,skipped,6.9225741897976665,5.2996983007178695,6,1BPI,0,0.25,stitch_025pct_native_prefix,False,BLOCK,PASS,BLOCK,BLOCK,BLOCK,BLOCK,BLOCK
58,13.178160077222705,2.7452602145412404,True,0.8852188355690287,0.0,1.0,0.0,skipped,4.748132854450237,0.9655689238438566,27,1BPI,0,0.4,stitch_040pct_native_prefix,False,REVIEW,PASS,REVIEW,BLOCK,BLOCK,BLOCK,BLOCK
58,10.31001375428087,1.8192966595179474,False,0.8888021210685328,0.0,1.0,0.0,skipped,3.989155070530729,0.2527425125461404,28,1BPI,0,0.5,stitch_050pct_native_prefix,False,REVIEW,PASS,REVIEW,BLOCK,BLOCK,BLOCK,BLOCK
58,9.110798316221205,1.4321372662253538,False,0.8808888460146002,0.0,1.0,0.0,skipped,2.7866320495445365,0.15815627519120226,28,1BPI,0,0.6,stitch_060pct_native_prefix,False,PASS,PASS,REVIEW,REVIEW,REVIEW,REVIEW,REVIEW
58,7.643376858352353,0.9583891945258535,False,0.8671715113708629,0.0,1.0,0.0,skipped,1.5915862944649517,-0.09801690846798766,28,1BPI,0,0.75,stitch_075pct_native_prefix,False,PASS,PASS,PASS,REVIEW,REVIEW,PASS,PASS
58,6.2667795655944944,0.5139631508329083,False,0.8732373643619575,0.0,1.0,0.0,skipped,0.6855111163042098,-0.125172985120474,28,1BPI,0,0.9,stitch_090pct_native_prefix,False,PASS,PASS,PASS,PASS,PASS,PASS,PASS
58,5.03946054831309,0.11773068831895493,False,0.8712590455984743,0.0,1.0,0.0,skipped,0.19423205907607624,-0.15805602408463532,2,1BPI,0,1.0,stitch_100pct_native_prefix,False,PASS,PASS,PASS,PASS,PASS,PASS,PASS
58,28.11976768087583,7.56906713951391,True,0.8833714135061908,0.0,1.0,0.0,skipped,6.59162532456577,5.617649090762842,27,1BPI,1,0.0,stitch_000pct_native_prefix,True,BLOCK,PASS,BLOCK,BLOCK,BLOCK,BLOCK,BLOCK
58,24.61057726443923,6.436146406960613,True,0.8883172104148985,0.0,1.0,0.0,skipped,6.639807053190243,4.795306556243963,18,1BPI,1,0.1,stitch_010pct_native_prefix,False,BLOCK,PASS,BLOCK,BLOCK,BLOCK,BLOCK,BLOCK
58,22.688841704206418,5.815725796988846,True,0.8883172104148985,0.0,1.0,0.0,skipped,6.253205980537947,4.297228912569509,18,1BPI,1,0.25,stitch_025pct_native_prefix,False,BLOCK,PASS,BLOCK,BLOCK,BLOCK,BLOCK,BLOCK
58,15.283533816775872,3.42496729117663,True,0.8754581384522578,0.0,1.0,0.0,skipped,5.056639668995272,1.7545976079086125,27,1BPI,1,0.4,stitch_040pct_native_prefix,False,BLOCK,PASS,BLOCK,BLOCK,BLOCK,BLOCK,BLOCK
58,10.216806692035705,1.7892053276986952,False,0.8583999736358336,0.0,1.0,0.0,skipped,2.900212893153693,0.6783836734310227,28,1BPI,1,0.5,stitch_050pct_native_prefix,False,REVIEW,PASS,REVIEW,REVIEW,REVIEW,REVIEW,REVIEW
58,8.426372647500832,1.211174611604764,False,0.8841181175611151,0.0,1.0,0.0,skipped,2.177362414541083,0.022165149749887963,28,1BPI,1,0.6,stitch_060pct_native_prefix,False,PASS,PASS,REVIEW,REVIEW,REVIEW,REVIEW,REVIEW
58,6.945233067667191,0.7329977278599528,False,0.8752156831254407,0.0,1.0,0.0,skipped,1.1548521147746604,-0.11132566230539429,28,1BPI,1,0.75,stitch_075pct_native_prefix,False,PASS,PASS,PASS,PASS,REVIEW,PASS,PASS
58,5.520812208389759,0.2731321372672746,False,0.8679182154257874,0.0,1.0,0.0,skipped,0.30179277543232413,-0.1497099120073944,28,1BPI,1,0.9,stitch_090pct_native_prefix,False,PASS,PASS,PASS,PASS,PASS,PASS,PASS
58,5.03946054831309,0.11773068831895493,False,0.8712590455984743,0.0,1.0,0.0,skipped,0.19423205907607624,-0.15805602408463532,2,1BPI,1,1.0,stitch_100pct_native_prefix,False,PASS,PASS,PASS,PASS,PASS,PASS,PASS
58,17.222631651931675,4.050993205760086,True,0.9003180196964428,0.0,1.0,0.0,skipped,5.292180823764665,2.2246417372821035,0,1BPI,2,0.0,stitch_000pct_native_prefix,True,BLOCK,PASS,BLOCK,BLOCK,BLOCK,BLOCK,BLOCK
58,19.18291538704417,4.683858858987052,True,0.9022963384599261,0.0,1.0,0.0,skipped,4.927069633036432,3.2948194189231423,5,1BPI,2,0.1,stitch_010pct_native_prefix,False,BLOCK,PASS,BLOCK,BLOCK,BLOCK,BLOCK,BLOCK
58,10.079885339073495,1.7450011036208088,False,0.900672033649432,0.0,1.0,0.0,skipped,3.1197352242664156,1.416052851121378,16,1BPI,2,0.25,stitch_025pct_native_prefix,False,REVIEW,PASS,REVIEW,BLOCK,BLOCK,REVIEW,REVIEW
58,9.074698191773493,1.4204825611278464,False,0.8808888460146002,0.0,1.0,0.0,skipped,2.330914265703277,0.902092313598404,23,1BPI,2,0.4,stitch_040pct_native_prefix,False,PASS,PASS,REVIEW,REVIEW,REVIEW,REVIEW,REVIEW
58,8.7578949709443,1.3182045726391196,False,0.865678103261014,0.0,1.0,0.0,skipped,2.214977953339147,0.8062995276975453,28,1BPI,2,0.5,stitch_050pct_native_prefix,False,PASS,PASS,REVIEW,REVIEW,REVIEW,REVIEW,REVIEW
58,6.471831405236441,0.580162887185332,False,0.8706239001697219,0.0,1.0,0.0,skipped,0.8022700141366813,-0.03351624147442617,28,1BPI,2,0.6,stitch_060pct_native_prefix,False,PASS,PASS,PASS,PASS,PASS,PASS,PASS
58,6.251475497555695,0.509022325766149,False,0.8771940018889239,0.0,1.0,0.0,skipped,0.6920189278423844,-0.14987374595506342,28,1BPI,2,0.75,stitch_075pct_native_prefix,False,PASS,PASS,PASS,PASS,PASS,PASS,PASS
58,5.259555391530463,0.18878696666768893,False,0.8732373643619575,0.0,1.0,0.0,skipped,0.20287489373974166,-0.16363533791850696,2,1BPI,2,0.9,stitch_090pct_native_prefix,False,PASS,PASS,PASS,PASS,PASS,PASS,PASS
58,5.03946054831309,0.11773068831895493,False,0.8712590455984743,0.0,1.0,0.0,skipped,0.19423205907607624,-0.15805602408463532,2,1BPI,2,1.0,stitch_100pct_native_prefix,False,PASS,PASS,PASS,PASS,PASS,PASS,PASS
68,2.252297996985585,-0.7820877497473051,False,0.7494515027540719,0.0,0.9545454545454546,0.0,skipped,-0.5849147554670874,-0.7657183394131132,0,1CTF,-1,1.0,native,False,PASS,PASS,PASS,PASS,PASS,PASS,PASS
68,13.836103399549746,2.957673205075454,True,0.8213148583461897,0.0,1.0,0.0,skipped,2.745954726795109,1.404335139014719,16,1CTF,0,0.0,stitch_000pct_native_prefix,True,REVIEW,PASS,REVIEW,REVIEW,REVIEW,REVIEW,REVIEW
68,13.28680633113029,2.780335995265372,True,0.8213148583461897,0.0,1.0,0.0,skipped,2.9225186215700454,1.4169032090246823,16,1CTF,0,0.1,stitch_010pct_native_prefix,False,REVIEW,PASS,REVIEW,REVIEW,REVIEW,REVIEW,REVIEW
68,11.295140910964761,2.1373389563340237,False,0.8196428867803918,0.0,1.0,0.0,skipped,3.3728881710884258,0.4146697018750148,38,1CTF,0,0.25,stitch_025pct_native_prefix,False,REVIEW,PASS,REVIEW,BLOCK,BLOCK,REVIEW,REVIEW
68,9.24132426918422,1.4742767744023526,False,0.7963737231647212,0.0,1.0,0.0,skipped,3.7949880780551304,-0.26817039614501265,38,1CTF,0,0.4,stitch_040pct_native_prefix,False,PASS,PASS,REVIEW,BLOCK,BLOCK,BLOCK,BLOCK
68,8.467337374928585,1.2243998241178604,False,0.788217496683694,0.0,1.0,0.0,skipped,4.266120061534142,-0.4985373004301311,34,1CTF,0,0.5,stitch_050pct_native_prefix,False,PASS,PASS,REVIEW,BLOCK,BLOCK,BLOCK,BLOCK
68,7.016791657678435,0.7560999823960124,False,0.7854627770676188,0.0,1.0,0.0,skipped,4.407434601210979,-0.7003351707555896,38,1CTF,0,0.6,stitch_060pct_native_prefix,False,PASS,PASS,PASS,BLOCK,BLOCK,BLOCK,BLOCK
68,5.826025684749869,0.3716684474097598,False,0.7707815694017698,0.0,0.9848484848484849,0.0,skipped,2.5203763335034215,-0.6797414376756639,38,1CTF,0,0.75,stitch_075pct_native_prefix,False,PASS,PASS,PASS,REVIEW,REVIEW,REVIEW,REVIEW
68,3.9751609094015836,-0.22587196171798035,False,0.7548530096190238,0.0,0.9696969696969697,0.0,skipped,0.5876957135811228,-0.7668468679046567,38,1CTF,0,0.9,stitch_090pct_native_prefix,False,PASS,PASS,PASS,PASS,PASS,PASS,PASS
68,2.252297996985585,-0.7820877497473051,False,0.7494515027540719,0.0,0.9545454545454546,0.0,skipped,-0.5849147554670874,-0.7657183394131132,0,1CTF,0,1.0,stitch_100pct_native_prefix,False,PASS,PASS,PASS,PASS,PASS,PASS,PASS
68,21.51064951901085,5.4353536327174785,True,0.814250215325375,0.0,0.9848484848484849,0.0,skipped,7.602560850329299,1.9073598616126586,15,1CTF,1,0.0,stitch_000pct_native_prefix,True,BLOCK,PASS,BLOCK,BLOCK,BLOCK,BLOCK,BLOCK
68,12.43449842591683,2.505173584068572,True,0.8162972446605462,0.0,0.9696969696969697,0.0,skipped,4.0525050247500864,0.5902179791915084,19,1CTF,1,0.1,stitch_010pct_native_prefix,False,REVIEW,PASS,REVIEW,BLOCK,BLOCK,BLOCK,BLOCK
68,11.52950404077589,2.2130016640245125,False,0.8022830010060087,0.0,0.9696969696969697,0.0,skipped,4.244127398026063,0.5193718196081325,19,1CTF,1,0.25,stitch_025pct_native_prefix,False,REVIEW,PASS,REVIEW,BLOCK,BLOCK,BLOCK,BLOCK
68,7.877345429529227,1.0339245213666566,False,0.785938657184297,0.0,0.9696969696969697,0.0,skipped,3.7118379282409197,-0.13915852903634904,28,1CTF,1,0.4,stitch_040pct_native_prefix,False,PASS,PASS,REVIEW,BLOCK,BLOCK,BLOCK,BLOCK
68,4.320748005980064,-0.1143012744213277,False,0.7712574495184481,0.0,0.9696969696969697,0.0,skipped,1.3554349518129287,-0.8040345581947552,38,1CTF,1,0.5,stitch_050pct_native_prefix,False,PASS,PASS,PASS,PASS,REVIEW,PASS,PASS
68,4.320748005980064,-0.1143012744213277,False,0.7712574495184481,0.0,0.9696969696969697,0.0,skipped,1.3554349518129287,-0.8040345581947552,38,1CTF,1,0.6,stitch_060pct_native_prefix,False,PASS,PASS,PASS,PASS,REVIEW,PASS,PASS
68,3.4800014908251575,-0.38573116132046614,False,0.7789218504529684,0.0,0.9545454545454546,0.0,skipped,0.3090559938296275,-0.7661913061140695,38,1CTF,1,0.75,stitch_075pct_native_prefix,False,PASS,PASS,PASS,PASS,PASS,PASS,PASS
68,2.96997820007143,-0.5503890714394325,False,0.757299877563332,0.0,0.9393939393939394,0.0,skipped,-0.14952665790025738,-0.775064706629759,38,1CTF,1,0.9,stitch_090pct_native_prefix,False,PASS,PASS,PASS,PASS,PASS,PASS,PASS
68,2.252297996985585,-0.7820877497473051,False,0.7494515027540719,0.0,0.9545454545454546,0.0,skipped,-0.5849147554670874,-0.7657183394131132,0,1CTF,1,1.0,stitch_100pct_native_prefix,False,PASS,PASS,PASS,PASS,PASS,PASS,PASS
68,12.844740595259,2.637617767444444,True,0.8359960660120387,0.0,0.9848484848484849,0.0,skipped,6.671976990915447,1.1996264142618591,19,1CTF,2,0.0,stitch_000pct_native_prefix,True,REVIEW,PASS,REVIEW,BLOCK,BLOCK,BLOCK,BLOCK
68,12.195898364266178,2.4281430087636813,False,0.8351804433639359,0.0,0.9848484848484849,0.0,skipped,7.233475696098741,1.136326113210195,19,1CTF,2,0.1,stitch_010pct_native_prefix,False,REVIEW,PASS,REVIEW,BLOCK,BLOCK,BLOCK,BLOCK
68,11.144010839985299,2.0885475342661532,False,0.8181195738513849,0.0,0.9848484848484849,0.0,skipped,8.360754056704089,0.8059786263929675,19,1CTF,2,0.25,stitch_025pct_native_prefix,False,REVIEW,PASS,REVIEW,BLOCK,BLOCK,BLOCK,BLOCK
68,8.060562690406096,1.0930750970768819,False,0.8092237662297962,0.0,0.9848484848484849,0.0,skipped,4.674751529586925,-0.4112071849299809,27,1CTF,2,0.4,stitch_040pct_native_prefix,False,PASS,PASS,REVIEW,BLOCK,BLOCK,BLOCK,BLOCK
68,6.376233268594659,0.5492996115740544,False,0.8090238469252277,0.0,0.9848484848484849,0.0,skipped,3.1816240065915573,-0.6605253815362249,34,1CTF,2,0.5,stitch_050pct_native_prefix,False,PASS,PASS,PASS,BLOCK,BLOCK,REVIEW,REVIEW
68,4.724807417452112,0.016146843268679476,False,0.795758019821187,0.0,0.9848484848484849,0.0,skipped,1.6040648316087938,-0.7561666064924223,38,1CTF,2,0.6,stitch_060pct_native_prefix,False,PASS,PASS,PASS,REVIEW,REVIEW,PASS,PASS
68,3.4011819382926833,-0.41117757334084587,False,0.7865862513874887,0.0,0.9696969696969697,0.0,skipped,0.1800798679873623,-0.7226099527451252,38,1CTF,2,0.75,stitch_075pct_native_prefix,False,PASS,PASS,PASS,PASS,PASS,PASS,PASS
68,2.4595479283653643,-0.7151783728777465,False,0.7494515027540719,0.0,0.9545454545454546,0.0,skipped,-0.5027936454004436,-0.7622669038228282,38,1CTF,2,0.9,stitch_090pct_native_prefix,False,PASS,PASS,PASS,PASS,PASS,PASS,PASS
68,2.252297996985585,-0.7820877497473051,False,0.7494515027540719,0.0,0.9545454545454546,0.0,skipped,-0.5849147554670874,-0.7657183394131132,0,1CTF,2,1.0,stitch_100pct_native_prefix,False,PASS,PASS,PASS,PASS,PASS,PASS,PASS
