len,perplexity,z_natural,is_high,complexity_mean,low_complexity_frac,distinct_3mer_frac,repetitiveness,commec_status,pdb,replicate,prefix_frac,kind,is_full_adversary,verdict_perplexity_only,verdict_complexity_only,verdict_or_gate
76,4.311527465908752,-2.5448465257412582,False,0.8550346340860532,0.0,1.0,0.0,skipped,1UBQ,-1,1.0,native,False,PASS,PASS,PASS
76,15.119437799893054,0.9889844564225797,False,0.855574558556537,0.0,1.0,0.0,skipped,1UBQ,0,0.0,stitch_000pct_native_prefix,True,PASS,PASS,PASS
76,11.477276638898445,-0.2018823767603148,False,0.8629969040136027,0.0,1.0,0.0,skipped,1UBQ,0,0.1,stitch_010pct_native_prefix,False,PASS,PASS,PASS
76,10.885382271506163,-0.39541235517641343,False,0.8485028408028683,0.0,1.0,0.0,skipped,1UBQ,0,0.25,stitch_025pct_native_prefix,False,PASS,PASS,PASS
76,9.535282399006896,-0.836850580607595,False,0.8364104718785346,0.0,1.0,0.0,skipped,1UBQ,0,0.4,stitch_040pct_native_prefix,False,PASS,PASS,PASS
76,8.753055444548593,-1.0926130509952796,False,0.8415117885173548,0.0,1.0,0.0,skipped,1UBQ,0,0.5,stitch_050pct_native_prefix,False,PASS,PASS,PASS
76,7.994201975207101,-1.3407331609900204,False,0.8474229918619006,0.0,1.0,0.0,skipped,1UBQ,0,0.6,stitch_060pct_native_prefix,False,PASS,PASS,PASS
76,5.871067036537329,-2.0349284118512365,False,0.8609318545152108,0.0,1.0,0.0,skipped,1UBQ,0,0.75,stitch_075pct_native_prefix,False,PASS,PASS,PASS
76,5.2515426287262725,-2.237492504157352,False,0.8637928078039403,0.0,1.0,0.0,skipped,1UBQ,0,0.9,stitch_090pct_native_prefix,False,PASS,PASS,PASS
76,4.311527465908752,-2.5448465257412582,False,0.8550346340860532,0.0,1.0,0.0,skipped,1UBQ,0,1.0,stitch_100pct_native_prefix,False,PASS,PASS,PASS
76,21.83150239721103,3.1836086802842942,True,0.8695147143813994,0.0,1.0,0.0,skipped,1UBQ,1,0.0,stitch_000pct_native_prefix,True,BLOCK,PASS,BLOCK
76,10.425577967819978,-0.5457532299511868,False,0.8756012315776438,0.0,1.0,0.0,skipped,1UBQ,1,0.1,stitch_010pct_native_prefix,False,PASS,PASS,PASS
76,9.197503760385182,-0.947293078869375,False,0.8644273806579675,0.0,1.0,0.0,skipped,1UBQ,1,0.25,stitch_025pct_native_prefix,False,PASS,PASS,PASS
76,6.902833968495242,-1.6975745813831704,False,0.8689887728263037,0.0,1.0,0.0,skipped,1UBQ,1,0.4,stitch_040pct_native_prefix,False,PASS,PASS,PASS
76,6.3732308811127805,-1.87073736129234,False,0.8758711938128857,0.0,1.0,0.0,skipped,1UBQ,1,0.5,stitch_050pct_native_prefix,False,PASS,PASS,PASS
76,5.033543488472715,-2.308771048492676,False,0.8680842377370346,0.0,0.9864864864864865,0.0,skipped,1UBQ,1,0.6,stitch_060pct_native_prefix,False,PASS,PASS,PASS
76,4.902756805215118,-2.3515339896226437,False,0.8652232844483051,0.0,0.9864864864864865,0.0,skipped,1UBQ,1,0.75,stitch_075pct_native_prefix,False,PASS,PASS,PASS
76,4.880874843538408,-2.3586886709379145,False,0.8602166161930284,0.0,0.9864864864864865,0.0,skipped,1UBQ,1,0.9,stitch_090pct_native_prefix,False,PASS,PASS,PASS
76,4.311527465908752,-2.5448465257412582,False,0.8550346340860532,0.0,1.0,0.0,skipped,1UBQ,1,1.0,stitch_100pct_native_prefix,False,PASS,PASS,PASS
76,21.756743290603573,3.159164912806171,True,0.8829429115665545,0.0,1.0,0.0,skipped,1UBQ,2,0.0,stitch_000pct_native_prefix,True,BLOCK,PASS,BLOCK
76,19.505756799607745,2.423166412032074,True,0.8850886265331015,0.0,1.0,0.0,skipped,1UBQ,2,0.1,stitch_010pct_native_prefix,False,REVIEW,PASS,REVIEW
76,12.473124495495837,0.12372709819061097,False,0.881607083305733,0.0,1.0,0.0,skipped,1UBQ,2,0.25,stitch_025pct_native_prefix,False,PASS,PASS,PASS
76,8.482725623071596,-1.1810020058457278,False,0.8647780083613646,0.0,1.0,0.0,skipped,1UBQ,2,0.4,stitch_040pct_native_prefix,False,PASS,PASS,PASS
76,7.5059298403420875,-1.5003820796609784,False,0.8554799101729936,0.0,1.0,0.0,skipped,1UBQ,2,0.5,stitch_050pct_native_prefix,False,PASS,PASS,PASS
76,5.730890498995693,-2.080761526304405,False,0.8517284047103831,0.0,1.0,0.0,skipped,1UBQ,2,0.6,stitch_060pct_native_prefix,False,PASS,PASS,PASS
76,5.069131371097542,-2.297134982100287,False,0.8543193957638707,0.0,1.0,0.0,skipped,1UBQ,2,0.75,stitch_075pct_native_prefix,False,PASS,PASS,PASS
76,4.427713120385574,-2.506857640490966,False,0.8557498724082356,0.0,1.0,0.0,skipped,1UBQ,2,0.9,stitch_090pct_native_prefix,False,PASS,PASS,PASS
76,4.311527465908752,-2.5448465257412582,False,0.8550346340860532,0.0,1.0,0.0,skipped,1UBQ,2,1.0,stitch_100pct_native_prefix,False,PASS,PASS,PASS
129,5.86561219337448,-2.0367119660421986,False,0.8491165225991413,0.0,1.0,0.0,skipped,2LYZ,-1,1.0,native,False,PASS,PASS,PASS
129,19.800514121449247,2.51954235557297,True,0.8678501712727745,0.0,0.9921259842519685,0.0,skipped,2LYZ,0,0.0,stitch_000pct_native_prefix,True,REVIEW,PASS,REVIEW
129,19.560989097332214,2.4412255556484954,True,0.8617839526378694,0.0,0.9921259842519685,0.0,skipped,2LYZ,0,0.1,stitch_010pct_native_prefix,False,REVIEW,PASS,REVIEW
129,17.538840661703478,1.7800495677344061,True,0.862274511038736,0.0,1.0,0.0,skipped,2LYZ,0,0.25,stitch_025pct_native_prefix,False,REVIEW,PASS,REVIEW
129,11.925336662525297,-0.05538149505121153,False,0.8516291538783096,0.0,1.0,0.0,skipped,2LYZ,0,0.4,stitch_040pct_native_prefix,False,PASS,PASS,PASS
129,9.047233311602724,-0.9964265700995293,False,0.8522162834686712,0.0,1.0,0.0,skipped,2LYZ,0,0.5,stitch_050pct_native_prefix,False,PASS,PASS,PASS
129,8.332937734978639,-1.2299777156118772,False,0.8525658363119913,0.0,1.0,0.0,skipped,2LYZ,0,0.6,stitch_060pct_native_prefix,False,PASS,PASS,PASS
129,7.283667247721838,-1.5730546326065529,False,0.848871243398708,0.0,1.0,0.0,skipped,2LYZ,0,0.75,stitch_075pct_native_prefix,False,PASS,PASS,PASS
129,5.922677123713218,-2.0180536118743295,False,0.8446339552631148,0.0,1.0,0.0,skipped,2LYZ,0,0.9,stitch_090pct_native_prefix,False,PASS,PASS,PASS
129,5.86561219337448,-2.0367119660421986,False,0.8491165225991413,0.0,1.0,0.0,skipped,2LYZ,0,1.0,stitch_100pct_native_prefix,False,PASS,PASS,PASS
129,20.02043855896825,2.591450408751008,True,0.8248045998880488,0.0,0.9763779527559056,0.0,skipped,2LYZ,1,0.0,stitch_000pct_native_prefix,True,REVIEW,PASS,REVIEW
129,20.69148000396051,2.810858876748119,True,0.8386095571928402,0.0,0.9763779527559056,0.0,skipped,2LYZ,1,0.1,stitch_010pct_native_prefix,False,REVIEW,PASS,REVIEW
129,14.882900607275122,0.9116445790663655,False,0.8495001935537,0.0,0.984251968503937,0.0,skipped,2LYZ,1,0.25,stitch_025pct_native_prefix,False,PASS,PASS,PASS
129,11.912876915665768,-0.0594554222139556,False,0.8475251688468711,0.0,0.9921259842519685,0.0,skipped,2LYZ,1,0.4,stitch_040pct_native_prefix,False,PASS,PASS,PASS
129,9.173439701404922,-0.9551612341883238,False,0.8530409898060742,0.0,0.9921259842519685,0.0,skipped,2LYZ,1,0.5,stitch_050pct_native_prefix,False,PASS,PASS,PASS
129,8.98010739641349,-1.018374535198382,False,0.8498890921151011,0.0,0.9921259842519685,0.0,skipped,2LYZ,1,0.6,stitch_060pct_native_prefix,False,PASS,PASS,PASS
129,7.7936718345615725,-1.4062999173723898,False,0.8435852967331545,0.0,0.9921259842519685,0.0,skipped,2LYZ,1,0.75,stitch_075pct_native_prefix,False,PASS,PASS,PASS
129,6.149372731989864,-1.9439316087032348,False,0.8416230631296882,0.0,1.0,0.0,skipped,2LYZ,1,0.9,stitch_090pct_native_prefix,False,PASS,PASS,PASS
129,5.86561219337448,-2.0367119660421986,False,0.8491165225991413,0.0,1.0,0.0,skipped,2LYZ,1,1.0,stitch_100pct_native_prefix,False,PASS,PASS,PASS
129,20.49771738307093,2.74750487660141,True,0.8466781758470064,0.0,0.984251968503937,0.0,skipped,2LYZ,2,0.0,stitch_000pct_native_prefix,True,REVIEW,PASS,REVIEW
129,20.533784722008004,2.759297709428609,True,0.8400248276217399,0.0,0.984251968503937,0.0,skipped,2LYZ,2,0.1,stitch_010pct_native_prefix,False,REVIEW,PASS,REVIEW
129,20.02490674036218,2.5929113570153683,True,0.8349995650634033,0.0,0.984251968503937,0.0,skipped,2LYZ,2,0.25,stitch_025pct_native_prefix,False,REVIEW,PASS,REVIEW
129,11.393105918389121,-0.22940343224054183,False,0.8419572110662246,0.0,0.984251968503937,0.0,skipped,2LYZ,2,0.4,stitch_040pct_native_prefix,False,PASS,PASS,PASS
129,10.027174843204058,-0.6760179399323254,False,0.8462987728447046,0.0,0.984251968503937,0.0,skipped,2LYZ,2,0.5,stitch_050pct_native_prefix,False,PASS,PASS,PASS
129,9.461302989179611,-0.8610394128990523,False,0.8426563167528647,0.0,0.9763779527559056,0.0,skipped,2LYZ,2,0.6,stitch_060pct_native_prefix,False,PASS,PASS,PASS
129,7.64291449320859,-1.4555926064490785,False,0.8441356944088564,0.0,0.984251968503937,0.0,skipped,2LYZ,2,0.75,stitch_075pct_native_prefix,False,PASS,PASS,PASS
129,6.541830564932401,-1.8156108134349465,False,0.8428127272171949,0.0,0.9921259842519685,0.0,skipped,2LYZ,2,0.9,stitch_090pct_native_prefix,False,PASS,PASS,PASS
129,5.86561219337448,-2.0367119660421986,False,0.8491165225991413,0.0,1.0,0.0,skipped,2LYZ,2,1.0,stitch_100pct_native_prefix,False,PASS,PASS,PASS
153,14.206984889990277,0.6906423844458132,False,0.8173218568331178,0.0,0.9801324503311258,0.0,skipped,1MBO,-1,1.0,native,False,PASS,PASS,PASS
153,20.557511504524932,2.7670555864440884,True,0.8163694944801031,0.0,1.0,0.0,skipped,1MBO,0,0.0,stitch_000pct_native_prefix,True,REVIEW,PASS,REVIEW
153,20.771699898627286,2.837088142202699,True,0.8196065483814303,0.0,0.9933774834437086,0.0,skipped,1MBO,0,0.1,stitch_010pct_native_prefix,False,REVIEW,PASS,REVIEW
153,19.984247603227505,2.5796171572973368,True,0.8224295545306274,0.0,0.9933774834437086,0.0,skipped,1MBO,0,0.25,stitch_025pct_native_prefix,False,REVIEW,PASS,REVIEW
153,18.655656009564712,2.145211431190873,True,0.8243570171378177,0.0,0.9867549668874173,0.0,skipped,1MBO,0,0.4,stitch_040pct_native_prefix,False,REVIEW,PASS,REVIEW
153,17.2787339657397,1.6950032384754719,True,0.8181236572301015,0.0,0.9801324503311258,0.0,skipped,1MBO,0,0.5,stitch_050pct_native_prefix,False,REVIEW,PASS,REVIEW
153,17.161413636849,1.6566433520348924,True,0.8282318368291922,0.0,0.9801324503311258,0.0,skipped,1MBO,0,0.6,stitch_060pct_native_prefix,False,REVIEW,PASS,REVIEW
153,16.326093929733666,1.3835212988536836,True,0.8283859347955342,0.0,0.9801324503311258,0.0,skipped,1MBO,0,0.75,stitch_075pct_native_prefix,False,REVIEW,PASS,REVIEW
153,15.684993828384906,1.1739026648342208,False,0.8195767172638424,0.0,0.9801324503311258,0.0,skipped,1MBO,0,0.9,stitch_090pct_native_prefix,False,PASS,PASS,REVIEW
153,14.206984889990277,0.6906423844458132,False,0.8173218568331178,0.0,0.9801324503311258,0.0,skipped,1MBO,0,1.0,stitch_100pct_native_prefix,False,PASS,PASS,PASS
153,19.757813879952984,2.5055807819030904,True,0.8489445496404423,0.0,0.9801324503311258,0.0,skipped,1MBO,1,0.0,stitch_000pct_native_prefix,True,REVIEW,PASS,REVIEW
153,19.644413808583494,2.4685026906531085,True,0.8420691953462242,0.0,0.9801324503311258,0.0,skipped,1MBO,1,0.1,stitch_010pct_native_prefix,False,REVIEW,PASS,REVIEW
153,20.354196411046196,2.700578242140305,True,0.847431134785382,0.0,0.9867549668874173,0.0,skipped,1MBO,1,0.25,stitch_025pct_native_prefix,False,REVIEW,PASS,REVIEW
153,18.8332580269886,2.203281445862799,True,0.8436131339050158,0.0,0.9801324503311258,0.0,skipped,1MBO,1,0.4,stitch_040pct_native_prefix,False,REVIEW,PASS,REVIEW
153,18.518564665703398,2.1003870735349564,True,0.8403391556696739,0.0,0.9801324503311258,0.0,skipped,1MBO,1,0.5,stitch_050pct_native_prefix,False,REVIEW,PASS,REVIEW
153,18.229022969028684,2.005716467773168,True,0.8319503865203957,0.0,0.9867549668874173,0.0,skipped,1MBO,1,0.6,stitch_060pct_native_prefix,False,REVIEW,PASS,REVIEW
153,16.826568032567767,1.5471598594739226,True,0.827280167062321,0.0,0.9867549668874173,0.0,skipped,1MBO,1,0.75,stitch_075pct_native_prefix,False,REVIEW,PASS,REVIEW
153,15.322524349891475,1.0553870745298506,False,0.8182671259697057,0.0,0.9801324503311258,0.0,skipped,1MBO,1,0.9,stitch_090pct_native_prefix,False,PASS,PASS,REVIEW
153,14.206984889990277,0.6906423844458132,False,0.8173218568331178,0.0,0.9801324503311258,0.0,skipped,1MBO,1,1.0,stitch_100pct_native_prefix,False,PASS,PASS,PASS
153,21.64894798166099,3.1239193944125336,True,0.8420997190499555,0.0,0.9933774834437086,0.0,skipped,1MBO,2,0.0,stitch_000pct_native_prefix,True,BLOCK,PASS,BLOCK
153,21.47580599677412,3.067307663596943,True,0.836076583333446,0.0,0.9867549668874173,0.0,skipped,1MBO,2,0.1,stitch_010pct_native_prefix,False,BLOCK,PASS,BLOCK
153,20.812948750393787,2.8505751591973527,True,0.8379607209763384,0.0,0.9867549668874173,0.0,skipped,1MBO,2,0.25,stitch_025pct_native_prefix,False,REVIEW,PASS,REVIEW
153,18.765908822663903,2.181260472565276,True,0.8342726949888664,0.0,0.9867549668874173,0.0,skipped,1MBO,2,0.4,stitch_040pct_native_prefix,False,REVIEW,PASS,REVIEW
153,17.96734980064402,1.9201579535864748,True,0.8385785922893921,0.0,0.9867549668874173,0.0,skipped,1MBO,2,0.5,stitch_050pct_native_prefix,False,REVIEW,PASS,REVIEW
153,17.3721247103929,1.7255389384123128,True,0.8271999177640083,0.0,0.9801324503311258,0.0,skipped,1MBO,2,0.6,stitch_060pct_native_prefix,False,REVIEW,PASS,REVIEW
153,15.952169854488599,1.2612604323915488,False,0.8170811089381796,0.0,0.9801324503311258,0.0,skipped,1MBO,2,0.75,stitch_075pct_native_prefix,False,PASS,PASS,REVIEW
153,14.736161351395191,0.86366567170093,False,0.8147829235431571,0.0,0.9801324503311258,0.0,skipped,1MBO,2,0.9,stitch_090pct_native_prefix,False,PASS,PASS,PASS
153,14.206984889990277,0.6906423844458132,False,0.8173218568331178,0.0,0.9801324503311258,0.0,skipped,1MBO,2,1.0,stitch_100pct_native_prefix,False,PASS,PASS,PASS
54,5.353395133075029,-2.2041900872834024,False,0.7895157010029835,0.0,0.9807692307692307,0.0,skipped,1ENH,-1,1.0,native,False,PASS,PASS,PASS
54,12.714303871400276,0.2025848167035154,False,0.8146265801314216,0.0,1.0,0.0,skipped,1ENH,0,0.0,stitch_000pct_native_prefix,True,PASS,PASS,PASS
54,12.714303871400276,0.2025848167035154,False,0.8146265801314216,0.0,1.0,0.0,skipped,1ENH,0,0.1,stitch_010pct_native_prefix,False,PASS,PASS,PASS
54,11.149476489885187,-0.30906223732027366,False,0.8016524896360202,0.0,1.0,0.0,skipped,1ENH,0,0.25,stitch_025pct_native_prefix,False,PASS,PASS,PASS
54,9.595411319856874,-0.81719040238095,False,0.8109961120240715,0.0,1.0,0.0,skipped,1ENH,0,0.4,stitch_040pct_native_prefix,False,PASS,PASS,PASS
54,9.231867205105182,-0.9360573633746254,False,0.8041009843277492,0.0,1.0,0.0,skipped,1ENH,0,0.5,stitch_050pct_native_prefix,False,PASS,PASS,PASS
54,8.613605159102388,-1.1382087049147847,False,0.7868021970005473,0.0,1.0,0.0,skipped,1ENH,0,0.6,stitch_060pct_native_prefix,False,PASS,PASS,PASS
54,7.151771286128331,-1.6161802712451188,False,0.7946565627320272,0.0,0.9807692307692307,0.0,skipped,1ENH,0,0.75,stitch_075pct_native_prefix,False,PASS,PASS,PASS
54,6.0157018618232625,-1.9876375840315292,False,0.7924942143161269,0.0,0.9807692307692307,0.0,skipped,1ENH,0,0.9,stitch_090pct_native_prefix,False,PASS,PASS,PASS
54,5.353395133075029,-2.2041900872834024,False,0.7895157010029835,0.0,0.9807692307692307,0.0,skipped,1ENH,0,1.0,stitch_100pct_native_prefix,False,PASS,PASS,PASS
54,13.50872536491283,0.4623345000298217,False,0.8051821585356994,0.0,1.0,0.0,skipped,1ENH,1,0.0,stitch_000pct_native_prefix,True,PASS,PASS,PASS
54,13.019970977330388,0.3025279005915905,False,0.8051821585356994,0.0,1.0,0.0,skipped,1ENH,1,0.1,stitch_010pct_native_prefix,False,PASS,PASS,PASS
54,9.426828977012034,-0.8723112803102954,False,0.7977358752528413,0.0,1.0,0.0,skipped,1ENH,1,0.25,stitch_025pct_native_prefix,False,PASS,PASS,PASS
54,8.482939033463321,-1.180932227671142,False,0.8273567982812376,0.0,1.0,0.0,skipped,1ENH,1,0.4,stitch_040pct_native_prefix,False,PASS,PASS,PASS
54,7.705862087844502,-1.4350108146592615,False,0.8273567982812376,0.0,1.0,0.0,skipped,1ENH,1,0.5,stitch_050pct_native_prefix,False,PASS,PASS,PASS
54,7.41959480568123,-1.528610794639432,False,0.8143827077858363,0.0,0.9807692307692307,0.0,skipped,1ENH,1,0.6,stitch_060pct_native_prefix,False,PASS,PASS,PASS
54,7.0135279803111885,-1.6613812825485936,False,0.792759223626834,0.0,0.9807692307692307,0.0,skipped,1ENH,1,0.75,stitch_075pct_native_prefix,False,PASS,PASS,PASS
54,5.658596066756721,-2.104399426378456,False,0.7972269935965488,0.0,0.9807692307692307,0.0,skipped,1ENH,1,0.9,stitch_090pct_native_prefix,False,PASS,PASS,PASS
54,5.353395133075029,-2.2041900872834024,False,0.7895157010029835,0.0,0.9807692307692307,0.0,skipped,1ENH,1,1.0,stitch_100pct_native_prefix,False,PASS,PASS,PASS
54,14.627040017996508,0.8279865869506831,False,0.8488583462674474,0.0,1.0,0.0,skipped,1ENH,2,0.0,stitch_000pct_native_prefix,True,PASS,PASS,PASS
54,13.579145751548227,0.4853596488678561,False,0.8403308887766391,0.0,1.0,0.0,skipped,1ENH,2,0.1,stitch_010pct_native_prefix,False,PASS,PASS,PASS
54,9.931686495363191,-0.7072394870777204,False,0.8337219073561456,0.0,1.0,0.0,skipped,1ENH,2,0.25,stitch_025pct_native_prefix,False,PASS,PASS,PASS
54,8.733094083858159,-1.0991397589965664,False,0.8095279923326216,0.0,1.0,0.0,skipped,1ENH,2,0.4,stitch_040pct_native_prefix,False,PASS,PASS,PASS
54,7.8353672247727575,-1.3926668970022644,False,0.8018166997390564,0.0,1.0,0.0,skipped,1ENH,2,0.5,stitch_050pct_native_prefix,False,PASS,PASS,PASS
54,7.8353672247727575,-1.3926668970022644,False,0.8018166997390564,0.0,1.0,0.0,skipped,1ENH,2,0.6,stitch_060pct_native_prefix,False,PASS,PASS,PASS
54,6.3247003330178675,-1.8866052533398836,False,0.7903318659002266,0.0,0.9807692307692307,0.0,skipped,1ENH,2,0.75,stitch_075pct_native_prefix,False,PASS,PASS,PASS
54,5.401427002873144,-2.1884852466270064,False,0.7899237834516051,0.0,0.9807692307692307,0.0,skipped,1ENH,2,0.9,stitch_090pct_native_prefix,False,PASS,PASS,PASS
54,5.353395133075029,-2.2041900872834024,False,0.7895157010029835,0.0,0.9807692307692307,0.0,skipped,1ENH,2,1.0,stitch_100pct_native_prefix,False,PASS,PASS,PASS
56,7.070026354084422,-1.6429081737318108,False,0.771821085252066,0.0,1.0,0.0,skipped,1PGA,-1,1.0,native,False,PASS,PASS,PASS
56,21.922771946457967,3.21345081913354,True,0.8470575458134442,0.0,1.0,0.0,skipped,1PGA,0,0.0,stitch_000pct_native_prefix,True,BLOCK,PASS,BLOCK
56,19.863325067488045,2.5400794677687464,True,0.844991301771584,0.0,1.0,0.0,skipped,1PGA,0,0.1,stitch_010pct_native_prefix,False,REVIEW,PASS,REVIEW
56,18.267034620135757,2.0181450266910743,True,0.8509368027780446,0.0,1.0,0.0,skipped,1PGA,0,0.25,stitch_025pct_native_prefix,False,REVIEW,PASS,REVIEW
56,16.9067216726459,1.5733674618585085,True,0.8385393385268832,0.0,1.0,0.0,skipped,1PGA,0,0.4,stitch_040pct_native_prefix,False,REVIEW,PASS,REVIEW
56,13.952800870985829,0.6075325756325024,False,0.7966676003625391,0.0,1.0,0.0,skipped,1PGA,0,0.5,stitch_050pct_native_prefix,False,PASS,PASS,PASS
56,12.034068029178474,-0.01982991659262459,False,0.8117946827700355,0.0,1.0,0.0,skipped,1PGA,0,0.6,stitch_060pct_native_prefix,False,PASS,PASS,PASS
56,10.672125762758341,-0.4651402150931907,False,0.8045628286235249,0.0,1.0,0.0,skipped,1PGA,0,0.75,stitch_075pct_native_prefix,False,PASS,PASS,PASS
56,7.37245104813157,-1.5440252518190738,False,0.771821085252066,0.0,1.0,0.0,skipped,1PGA,0,0.9,stitch_090pct_native_prefix,False,PASS,PASS,PASS
56,7.070026354084422,-1.6429081737318108,False,0.771821085252066,0.0,1.0,0.0,skipped,1PGA,0,1.0,stitch_100pct_native_prefix,False,PASS,PASS,PASS
56,18.138471477456513,1.9761091101517134,True,0.8445609612317796,0.0,1.0,0.0,skipped,1PGA,1,0.0,stitch_000pct_native_prefix,True,REVIEW,PASS,REVIEW
56,17.610262762668132,1.803402244190881,True,0.8384787458935341,0.0,1.0,0.0,skipped,1PGA,1,0.1,stitch_010pct_native_prefix,False,REVIEW,PASS,REVIEW
56,15.712407247312841,1.1828659506259214,False,0.840175242028939,0.0,1.0,0.0,skipped,1PGA,1,0.25,stitch_025pct_native_prefix,False,PASS,PASS,REVIEW
56,13.066711631463347,0.31781055622042975,False,0.7998834832126647,0.0,1.0,0.0,skipped,1PGA,1,0.4,stitch_040pct_native_prefix,False,PASS,PASS,PASS
56,13.066711631463347,0.31781055622042975,False,0.7998834832126647,0.0,1.0,0.0,skipped,1PGA,1,0.5,stitch_050pct_native_prefix,False,PASS,PASS,PASS
56,11.042532502878041,-0.3440294014587143,False,0.7854197749196432,0.0,1.0,0.0,skipped,1PGA,1,0.6,stitch_060pct_native_prefix,False,PASS,PASS,PASS
56,10.154227439142034,-0.6344759224640472,False,0.7598449555155106,0.0,1.0,0.0,skipped,1PGA,1,0.75,stitch_075pct_native_prefix,False,PASS,PASS,PASS
56,9.275065593060335,-0.9219329122070911,False,0.7770382819648671,0.0,1.0,0.0,skipped,1PGA,1,0.9,stitch_090pct_native_prefix,False,PASS,PASS,PASS
56,7.070026354084422,-1.6429081737318108,False,0.771821085252066,0.0,1.0,0.0,skipped,1PGA,1,1.0,stitch_100pct_native_prefix,False,PASS,PASS,PASS
56,10.999729554908951,-0.3580245567650552,False,0.8038792569646003,0.0,1.0,0.0,skipped,1PGA,2,0.0,stitch_000pct_native_prefix,True,PASS,PASS,PASS
56,10.395684999903441,-0.5555272466582021,False,0.8053023244364355,0.0,1.0,0.0,skipped,1PGA,2,0.1,stitch_010pct_native_prefix,False,PASS,PASS,PASS
56,10.080315967068064,-0.6586425413460568,False,0.8047958621981953,0.0,1.0,0.0,skipped,1PGA,2,0.25,stitch_025pct_native_prefix,False,PASS,PASS,PASS
56,10.71902243713947,-0.4498065459779521,False,0.7912285615943189,0.0,0.9814814814814815,0.0,skipped,1PGA,2,0.4,stitch_040pct_native_prefix,False,PASS,PASS,PASS
56,9.788124844119459,-0.7541794223046515,False,0.774582092472102,0.0,1.0,0.0,skipped,1PGA,2,0.5,stitch_050pct_native_prefix,False,PASS,PASS,PASS
56,9.60304272345866,-0.8146951845588154,False,0.7694164823674514,0.0,1.0,0.0,skipped,1PGA,2,0.6,stitch_060pct_native_prefix,False,PASS,PASS,PASS
56,8.805761031907657,-1.075380058512269,False,0.7714827264093115,0.0,1.0,0.0,skipped,1PGA,2,0.75,stitch_075pct_native_prefix,False,PASS,PASS,PASS
56,7.900142809383484,-1.3714874126513081,False,0.7787145805558223,0.0,1.0,0.0,skipped,1PGA,2,0.9,stitch_090pct_native_prefix,False,PASS,PASS,PASS
56,7.070026354084422,-1.6429081737318108,False,0.771821085252066,0.0,1.0,0.0,skipped,1PGA,2,1.0,stitch_100pct_native_prefix,False,PASS,PASS,PASS
69,13.711065507090087,0.5284930673444552,False,0.8211737253873304,0.0,0.9701492537313433,0.0,skipped,1UZC,-1,1.0,native,False,PASS,PASS,PASS
69,17.108467588222506,1.6393317366312061,True,0.8344977047101029,0.0,0.9850746268656716,0.0,skipped,1UZC,0,0.0,stitch_000pct_native_prefix,True,REVIEW,PASS,REVIEW
69,16.196268544566248,1.3410726705621083,False,0.8289771843452253,0.0,0.9850746268656716,0.0,skipped,1UZC,0,0.1,stitch_010pct_native_prefix,False,PASS,PASS,REVIEW
69,17.1047317423352,1.6381102379757595,True,0.834588105665794,0.0,0.9850746268656716,0.0,skipped,1UZC,0,0.25,stitch_025pct_native_prefix,False,REVIEW,PASS,REVIEW
69,16.218243684306806,1.348257818037692,True,0.8134449968765017,0.0,1.0,0.0,skipped,1UZC,0,0.4,stitch_040pct_native_prefix,False,REVIEW,PASS,REVIEW
69,15.72502109268006,1.1869902629291742,False,0.8207651100386916,0.0,1.0,0.0,skipped,1UZC,0,0.5,stitch_050pct_native_prefix,False,PASS,PASS,REVIEW
69,16.08589213464963,1.3049832170960773,False,0.8159557489067756,0.0,1.0,0.0,skipped,1UZC,0,0.6,stitch_060pct_native_prefix,False,PASS,PASS,REVIEW
69,14.147610326340857,0.6712288561972465,False,0.8438452241068617,0.0,1.0,0.0,skipped,1UZC,0,0.75,stitch_075pct_native_prefix,False,PASS,PASS,PASS
69,14.225578907035638,0.6967220160755434,False,0.8240774222576183,0.0,0.9701492537313433,0.0,skipped,1UZC,0,0.9,stitch_090pct_native_prefix,False,PASS,PASS,PASS
69,13.711065507090087,0.5284930673444552,False,0.8211737253873304,0.0,0.9701492537313433,0.0,skipped,1UZC,0,1.0,stitch_100pct_native_prefix,False,PASS,PASS,PASS
69,20.404020334373524,2.716869025322826,True,0.853161402486371,0.0,1.0,0.0,skipped,1UZC,1,0.0,stitch_000pct_native_prefix,True,REVIEW,PASS,REVIEW
69,20.365471213240625,2.704264731395046,True,0.8537664902550166,0.0,1.0,0.0,skipped,1UZC,1,0.1,stitch_010pct_native_prefix,False,REVIEW,PASS,REVIEW
69,18.343402862997955,2.043114928766526,True,0.8395192087706507,0.0,0.9850746268656716,0.0,skipped,1UZC,1,0.25,stitch_025pct_native_prefix,False,REVIEW,PASS,REVIEW
69,16.078229889822314,1.3024779152082042,False,0.8299908874625097,0.0,0.9850746268656716,0.0,skipped,1UZC,1,0.4,stitch_040pct_native_prefix,False,PASS,PASS,REVIEW
69,15.447201589830831,1.0961524287614626,False,0.8315940078398151,0.0,0.9850746268656716,0.0,skipped,1UZC,1,0.5,stitch_050pct_native_prefix,False,PASS,PASS,REVIEW
69,14.549474712460071,0.802625284777054,False,0.8364190394803558,0.0,0.9850746268656716,0.0,skipped,1UZC,1,0.6,stitch_060pct_native_prefix,False,PASS,PASS,PASS
69,13.025167375398752,0.30422695174229253,False,0.8350123915230575,0.0,0.9850746268656716,0.0,skipped,1UZC,1,0.75,stitch_075pct_native_prefix,False,PASS,PASS,PASS
69,12.79165599090772,0.22787641406178846,False,0.814957716298116,0.0,0.9701492537313433,0.0,skipped,1UZC,1,0.9,stitch_090pct_native_prefix,False,PASS,PASS,PASS
69,13.711065507090087,0.5284930673444552,False,0.8211737253873304,0.0,0.9701492537313433,0.0,skipped,1UZC,1,1.0,stitch_100pct_native_prefix,False,PASS,PASS,PASS
69,21.720977306199053,3.1474706129932963,True,0.8206903795916252,0.0,0.9850746268656716,0.0,skipped,1UZC,2,0.0,stitch_000pct_native_prefix,True,BLOCK,PASS,BLOCK
69,21.488749023674135,3.0715396074277903,True,0.8200852918229795,0.0,0.9850746268656716,0.0,skipped,1UZC,2,0.1,stitch_010pct_native_prefix,False,BLOCK,PASS,BLOCK
69,20.280330863033008,2.676426638914773,True,0.8254840702149164,0.0,0.9850746268656716,0.0,skipped,1UZC,2,0.25,stitch_025pct_native_prefix,False,REVIEW,PASS,REVIEW
69,19.041777235615747,2.2714603645484854,True,0.8235784059532884,0.0,0.9701492537313433,0.0,skipped,1UZC,2,0.4,stitch_040pct_native_prefix,False,REVIEW,PASS,REVIEW
69,17.2787168277935,1.6949976349310876,True,0.8307924476511623,0.0,0.9701492537313433,0.0,skipped,1UZC,2,0.5,stitch_050pct_native_prefix,False,REVIEW,PASS,REVIEW
69,16.81658720859174,1.5438964585107318,True,0.8325016394927837,0.0,0.9701492537313433,0.0,skipped,1UZC,2,0.6,stitch_060pct_native_prefix,False,REVIEW,PASS,REVIEW
69,14.541499766030753,0.8000177397565883,False,0.819570605010025,0.0,0.9701492537313433,0.0,skipped,1UZC,2,0.75,stitch_075pct_native_prefix,False,PASS,PASS,PASS
69,14.21931702825499,0.6946745877977542,False,0.8187690448213722,0.0,0.9701492537313433,0.0,skipped,1UZC,2,0.9,stitch_090pct_native_prefix,False,PASS,PASS,PASS
69,13.711065507090087,0.5284930673444552,False,0.8211737253873304,0.0,0.9701492537313433,0.0,skipped,1UZC,2,1.0,stitch_100pct_native_prefix,False,PASS,PASS,PASS
61,7.605157554486758,-1.4679378827998015,False,0.7761476454587192,0.0,1.0,0.0,skipped,2IGD,-1,1.0,native,False,PASS,PASS,PASS
61,18.42782102004151,2.0707168878501108,True,0.8117547545290725,0.0,0.9830508474576272,0.0,skipped,2IGD,0,0.0,stitch_000pct_native_prefix,True,REVIEW,PASS,REVIEW
61,17.989551864039978,1.927417297629134,True,0.806403803623258,0.0,0.9830508474576272,0.0,skipped,2IGD,0,0.1,stitch_010pct_native_prefix,False,REVIEW,PASS,REVIEW
61,14.311544613894899,0.7248299730177509,False,0.801403803623258,0.0,0.9830508474576272,0.0,skipped,2IGD,0,0.25,stitch_025pct_native_prefix,False,PASS,PASS,PASS
61,13.262177376076824,0.3817214217736777,False,0.7880355152537242,0.0,0.9830508474576272,0.0,skipped,2IGD,0,0.4,stitch_040pct_native_prefix,False,PASS,PASS,PASS
61,13.697332194850166,0.524002726216387,False,0.7932816010509369,0.0,0.9830508474576272,0.0,skipped,2IGD,0,0.5,stitch_050pct_native_prefix,False,PASS,PASS,PASS
61,13.408029317477002,0.42941020650646944,False,0.7923517912320999,0.0,0.9830508474576272,0.0,skipped,2IGD,0,0.6,stitch_060pct_native_prefix,False,PASS,PASS,PASS
61,10.711999351569602,-0.45210286382388654,False,0.7751412206886111,0.0,0.9830508474576272,0.0,skipped,2IGD,0,0.75,stitch_075pct_native_prefix,False,PASS,PASS,PASS
61,9.60395616811058,-0.8143965182198382,False,0.7830536930437288,0.0,1.0,0.0,skipped,2IGD,0,0.9,stitch_090pct_native_prefix,False,PASS,PASS,PASS
61,7.605157554486758,-1.4679378827998015,False,0.7761476454587192,0.0,1.0,0.0,skipped,2IGD,0,1.0,stitch_100pct_native_prefix,False,PASS,PASS,PASS
61,12.87170975745653,0.2540513610892039,False,0.814298098188371,0.0,1.0,0.0,skipped,2IGD,1,0.0,stitch_000pct_native_prefix,True,PASS,PASS,PASS
61,12.759557296261818,0.21738119730651656,False,0.8165086687318596,0.0,1.0,0.0,skipped,2IGD,1,0.1,stitch_010pct_native_prefix,False,PASS,PASS,PASS
61,11.779216443853413,-0.10315799762262974,False,0.8060528527174435,0.0,1.0,0.0,skipped,2IGD,1,0.25,stitch_025pct_native_prefix,False,PASS,PASS,PASS
61,11.693812595360361,-0.13108224537029886,False,0.7791932330797693,0.0,1.0,0.0,skipped,2IGD,1,0.4,stitch_040pct_native_prefix,False,PASS,PASS,PASS
61,11.363900157095587,-0.2389527549983598,False,0.7819826625362807,0.0,1.0,0.0,skipped,2IGD,1,0.5,stitch_050pct_native_prefix,False,PASS,PASS,PASS
61,10.84603855275859,-0.4082764563733432,False,0.782105705434887,0.0,1.0,0.0,skipped,2IGD,1,0.6,stitch_060pct_native_prefix,False,PASS,PASS,PASS
61,9.247319570049555,-0.9310049485876128,False,0.7667547545290725,0.0,1.0,0.0,skipped,2IGD,1,0.75,stitch_075pct_native_prefix,False,PASS,PASS,PASS
61,8.24071459744685,-1.2601316464469094,False,0.7777027421379143,0.0,1.0,0.0,skipped,2IGD,1,0.9,stitch_090pct_native_prefix,False,PASS,PASS,PASS
61,7.605157554486758,-1.4679378827998015,False,0.7761476454587192,0.0,1.0,0.0,skipped,2IGD,1,1.0,stitch_100pct_native_prefix,False,PASS,PASS,PASS
61,22.088570562751425,3.2676615100952704,True,0.8260528527174436,0.0,1.0,0.0,skipped,2IGD,2,0.0,stitch_000pct_native_prefix,True,BLOCK,PASS,BLOCK
61,21.144783857131955,2.9590743181396433,True,0.8260528527174436,0.0,1.0,0.0,skipped,2IGD,2,0.1,stitch_010pct_native_prefix,False,REVIEW,PASS,REVIEW
61,18.226968302941952,2.005044659583525,True,0.8397720919927919,0.0,1.0,0.0,skipped,2IGD,2,0.25,stitch_025pct_native_prefix,False,REVIEW,PASS,REVIEW
61,15.799881341589971,1.2114671006115252,False,0.8175796992393078,0.0,1.0,0.0,skipped,2IGD,2,0.4,stitch_040pct_native_prefix,False,PASS,PASS,REVIEW
61,13.369090822738714,0.41667860022432723,False,0.8045623617755885,0.0,1.0,0.0,skipped,2IGD,2,0.5,stitch_050pct_native_prefix,False,PASS,PASS,PASS
61,13.369090822738714,0.41667860022432723,False,0.8045623617755885,0.0,1.0,0.0,skipped,2IGD,2,0.6,stitch_060pct_native_prefix,False,PASS,PASS,PASS
61,10.9613733480539,-0.37056577407294294,False,0.7820008403262854,0.0,1.0,0.0,skipped,2IGD,2,0.75,stitch_075pct_native_prefix,False,PASS,PASS,PASS
61,8.517801606514444,-1.1695333136388313,False,0.7800181777900047,0.0,1.0,0.0,skipped,2IGD,2,0.9,stitch_090pct_native_prefix,False,PASS,PASS,PASS
61,7.605157554486758,-1.4679378827998015,False,0.7761476454587192,0.0,1.0,0.0,skipped,2IGD,2,1.0,stitch_100pct_native_prefix,False,PASS,PASS,PASS
75,5.316583586120516,-2.2162262516398177,False,0.7877481474161946,0.0,0.9315068493150684,0.0,skipped,3ICB,-1,1.0,native,False,PASS,PASS,PASS
75,19.336208242713127,2.367729613907335,True,0.8296062306388153,0.0,1.0,0.0,skipped,3ICB,0,0.0,stitch_000pct_native_prefix,True,REVIEW,PASS,REVIEW
75,15.932449347205607,1.2548124755278158,False,0.8226981976904132,0.0,0.9863013698630136,0.0,skipped,3ICB,0,0.1,stitch_010pct_native_prefix,False,PASS,PASS,REVIEW
75,13.932123492785873,0.6007717534703162,False,0.8267005749549494,0.0,0.9863013698630136,0.0,skipped,3ICB,0,0.25,stitch_025pct_native_prefix,False,PASS,PASS,PASS
75,13.19020762690999,0.35818968237863386,False,0.81670883319205,0.0,0.9726027397260274,0.0,skipped,3ICB,0,0.4,stitch_040pct_native_prefix,False,PASS,PASS,PASS
75,10.545009354781978,-0.5067030969979159,False,0.8013909793824255,0.0,0.9726027397260274,0.0,skipped,3ICB,0,0.5,stitch_050pct_native_prefix,False,PASS,PASS,PASS
75,10.536623538032552,-0.5094449830909833,False,0.7966951539921308,0.0,0.958904109589041,0.0,skipped,3ICB,0,0.6,stitch_060pct_native_prefix,False,PASS,PASS,PASS
75,8.1181386076869,-1.3002099610236946,False,0.7900235164436303,0.0,0.9452054794520548,0.0,skipped,3ICB,0,0.75,stitch_075pct_native_prefix,False,PASS,PASS,PASS
75,6.479915269140795,-1.8358550774764633,False,0.7896532087839265,0.0,0.9315068493150684,0.0,skipped,3ICB,0,0.9,stitch_090pct_native_prefix,False,PASS,PASS,PASS
75,5.316583586120516,-2.2162262516398177,False,0.7877481474161946,0.0,0.9315068493150684,0.0,skipped,3ICB,0,1.0,stitch_100pct_native_prefix,False,PASS,PASS,PASS
75,16.674903561427506,1.497570568811167,True,0.780465243809763,0.0,0.9315068493150684,0.0,skipped,3ICB,1,0.0,stitch_000pct_native_prefix,True,REVIEW,PASS,REVIEW
75,15.558899315467967,1.1326739089825362,False,0.7768331742049306,0.0,0.9315068493150684,0.0,skipped,3ICB,1,0.1,stitch_010pct_native_prefix,False,PASS,PASS,REVIEW
75,13.14951771132667,0.3448854191208392,False,0.765374403201657,0.0,0.9315068493150684,0.0,skipped,3ICB,1,0.25,stitch_025pct_native_prefix,False,PASS,PASS,PASS
75,9.242962648436416,-0.9324295185653039,False,0.7543189056532952,0.0,0.9041095890410958,0.0,skipped,3ICB,1,0.4,stitch_040pct_native_prefix,False,PASS,PASS,PASS
75,8.987512423425475,-1.0159533350708765,False,0.7677646638903958,0.0,0.9178082191780822,0.0,skipped,3ICB,1,0.5,stitch_050pct_native_prefix,False,PASS,PASS,PASS
75,8.724460075274393,-1.101962795651269,False,0.7773041721274963,0.0,0.9178082191780822,0.0,skipped,3ICB,1,0.6,stitch_060pct_native_prefix,False,PASS,PASS,PASS
75,6.298661267348144,-1.8951191708472235,False,0.7892971025226638,0.0,0.9315068493150684,0.0,skipped,3ICB,1,0.75,stitch_075pct_native_prefix,False,PASS,PASS,PASS
75,5.772790405079458,-2.0670616359747283,False,0.7929291721274963,0.0,0.9315068493150684,0.0,skipped,3ICB,1,0.9,stitch_090pct_native_prefix,False,PASS,PASS,PASS
75,5.316583586120516,-2.2162262516398177,False,0.7877481474161946,0.0,0.9315068493150684,0.0,skipped,3ICB,1,1.0,stitch_100pct_native_prefix,False,PASS,PASS,PASS
75,17.058308991223015,1.622931526172268,True,0.8112708793209376,0.0,0.9726027397260274,0.0,skipped,3ICB,2,0.0,stitch_000pct_native_prefix,True,REVIEW,PASS,REVIEW
75,17.525037211658162,1.7755362938522656,True,0.8149392207596258,0.0,0.958904109589041,0.0,skipped,3ICB,2,0.1,stitch_010pct_native_prefix,False,REVIEW,PASS,REVIEW
75,14.660800089977839,0.8390250194173712,False,0.8211208397870615,0.0,0.9726027397260274,0.0,skipped,3ICB,2,0.25,stitch_025pct_native_prefix,False,PASS,PASS,PASS
75,10.883889406660266,-0.3959004728496352,False,0.8255754505773967,0.0,0.9452054794520548,0.0,skipped,3ICB,2,0.4,stitch_040pct_native_prefix,False,PASS,PASS,PASS
75,9.228882930462252,-0.9370331229679774,False,0.8087591148936001,0.0,0.9452054794520548,0.0,skipped,3ICB,2,0.5,stitch_050pct_native_prefix,False,PASS,PASS,PASS
75,9.058251507630548,-0.992823982616152,False,0.8040995613371611,0.0,0.9452054794520548,0.0,skipped,3ICB,2,0.6,stitch_060pct_native_prefix,False,PASS,PASS,PASS
75,6.4669786580223,-1.8400849235579018,False,0.7968354221274963,0.0,0.9315068493150684,0.0,skipped,3ICB,2,0.75,stitch_075pct_native_prefix,False,PASS,PASS,PASS
75,5.316583586120516,-2.2162262516398177,False,0.7877481474161946,0.0,0.9315068493150684,0.0,skipped,3ICB,2,0.9,stitch_090pct_native_prefix,False,PASS,PASS,PASS
75,5.316583586120516,-2.2162262516398177,False,0.7877481474161946,0.0,0.9315068493150684,0.0,skipped,3ICB,2,1.0,stitch_100pct_native_prefix,False,PASS,PASS,PASS
58,7.101268127324173,-1.6326931420743758,False,0.8712590455984743,0.0,1.0,0.0,skipped,1BPI,-1,1.0,native,False,PASS,PASS,PASS
58,29.697447166797076,5.755513745350236,True,0.8746920963228603,0.0,1.0,0.0,skipped,1BPI,0,0.0,stitch_000pct_native_prefix,True,BLOCK,PASS,BLOCK
58,27.367835070424555,4.99380725925007,True,0.8831096201049004,0.0,1.0,0.0,skipped,1BPI,0,0.1,stitch_010pct_native_prefix,False,BLOCK,PASS,BLOCK
58,27.674913278533346,5.0942117271100615,True,0.892385406568037,0.0,1.0,0.0,skipped,1BPI,0,0.25,stitch_025pct_native_prefix,False,BLOCK,PASS,BLOCK
58,27.499568433915037,5.036879733660181,True,0.8852188355690287,0.0,1.0,0.0,skipped,1BPI,0,0.4,stitch_040pct_native_prefix,False,BLOCK,PASS,BLOCK
58,21.046454903392473,2.926923986352033,True,0.8888021210685328,0.0,1.0,0.0,skipped,1BPI,0,0.5,stitch_050pct_native_prefix,False,REVIEW,PASS,REVIEW
58,19.110013550546242,2.293771393818579,True,0.8808888460146002,0.0,1.0,0.0,skipped,1BPI,0,0.6,stitch_060pct_native_prefix,False,REVIEW,PASS,REVIEW
58,9.897034100432863,-0.7185696797816625,False,0.8671715113708629,0.0,1.0,0.0,skipped,1BPI,0,0.75,stitch_075pct_native_prefix,False,PASS,PASS,PASS
58,8.243409856265163,-1.2592503855164632,False,0.8732373643619575,0.0,1.0,0.0,skipped,1BPI,0,0.9,stitch_090pct_native_prefix,False,PASS,PASS,PASS
58,7.101268127324173,-1.6326931420743758,False,0.8712590455984743,0.0,1.0,0.0,skipped,1BPI,0,1.0,stitch_100pct_native_prefix,False,PASS,PASS,PASS
58,22.737871838578688,3.479961658261935,True,0.8833714135061908,0.0,1.0,0.0,skipped,1BPI,1,0.0,stitch_000pct_native_prefix,True,BLOCK,PASS,BLOCK
58,22.9113833770912,3.5366942209508037,True,0.8883172104148985,0.0,1.0,0.0,skipped,1BPI,1,0.1,stitch_010pct_native_prefix,False,BLOCK,PASS,BLOCK
58,24.002490424258646,3.8934503161613185,True,0.8883172104148985,0.0,1.0,0.0,skipped,1BPI,1,0.25,stitch_025pct_native_prefix,False,BLOCK,PASS,BLOCK
58,22.39953285844132,3.369335946765827,True,0.8754581384522578,0.0,1.0,0.0,skipped,1BPI,1,0.4,stitch_040pct_native_prefix,False,BLOCK,PASS,BLOCK
58,18.260255849534804,2.015928591799373,True,0.8583999736358336,0.0,1.0,0.0,skipped,1BPI,1,0.5,stitch_050pct_native_prefix,False,REVIEW,PASS,REVIEW
58,12.134636787759188,0.01305275766428398,False,0.8841181175611151,0.0,1.0,0.0,skipped,1BPI,1,0.6,stitch_060pct_native_prefix,False,PASS,PASS,PASS
58,9.744696745300404,-0.768378981364712,False,0.8752156831254407,0.0,1.0,0.0,skipped,1BPI,1,0.75,stitch_075pct_native_prefix,False,PASS,PASS,PASS
58,7.807746109375846,-1.4016980927038618,False,0.8679182154257874,0.0,1.0,0.0,skipped,1BPI,1,0.9,stitch_090pct_native_prefix,False,PASS,PASS,PASS
58,7.101268127324173,-1.6326931420743758,False,0.8712590455984743,0.0,1.0,0.0,skipped,1BPI,1,1.0,stitch_100pct_native_prefix,False,PASS,PASS,PASS
58,22.765638380191923,3.489040403550176,True,0.9003180196964428,0.0,1.0,0.0,skipped,1BPI,2,0.0,stitch_000pct_native_prefix,True,BLOCK,PASS,BLOCK
58,23.893009918612837,3.85765379390691,True,0.9022963384599261,0.0,1.0,0.0,skipped,1BPI,2,0.1,stitch_010pct_native_prefix,False,BLOCK,PASS,BLOCK
58,16.64160961725337,1.486684544796789,True,0.900672033649432,0.0,1.0,0.0,skipped,1BPI,2,0.25,stitch_025pct_native_prefix,False,REVIEW,PASS,REVIEW
58,16.763637037705564,1.5265834952637964,True,0.8808888460146002,0.0,1.0,0.0,skipped,1BPI,2,0.4,stitch_040pct_native_prefix,False,REVIEW,PASS,REVIEW
58,12.128841751871269,0.011157971648240938,False,0.865678103261014,0.0,1.0,0.0,skipped,1BPI,2,0.5,stitch_050pct_native_prefix,False,PASS,PASS,PASS
58,9.09409901352687,-0.9811030279583957,False,0.8706239001697219,0.0,1.0,0.0,skipped,1BPI,2,0.6,stitch_060pct_native_prefix,False,PASS,PASS,PASS
58,8.10106659629653,-1.3057919468946768,False,0.8771940018889239,0.0,1.0,0.0,skipped,1BPI,2,0.75,stitch_075pct_native_prefix,False,PASS,PASS,PASS
58,7.095507600433994,-1.6345766447838765,False,0.8732373643619575,0.0,1.0,0.0,skipped,1BPI,2,0.9,stitch_090pct_native_prefix,False,PASS,PASS,PASS
58,7.101268127324173,-1.6326931420743758,False,0.8712590455984743,0.0,1.0,0.0,skipped,1BPI,2,1.0,stitch_100pct_native_prefix,False,PASS,PASS,PASS
68,6.091504300316223,-1.9628526813637401,False,0.7494515027540719,0.0,0.9545454545454546,0.0,skipped,1CTF,-1,1.0,native,False,PASS,PASS,PASS
68,18.69500475315843,2.1580771753471195,True,0.8213148583461897,0.0,1.0,0.0,skipped,1CTF,0,0.0,stitch_000pct_native_prefix,True,REVIEW,PASS,REVIEW
68,18.20505589464957,1.9978800232269518,True,0.8213148583461897,0.0,1.0,0.0,skipped,1CTF,0,0.1,stitch_010pct_native_prefix,False,REVIEW,PASS,REVIEW
68,17.21693691908653,1.6747976380105483,True,0.8196428867803918,0.0,1.0,0.0,skipped,1CTF,0,0.25,stitch_025pct_native_prefix,False,REVIEW,PASS,REVIEW
68,16.76342122253224,1.5265129308047711,True,0.7963737231647212,0.0,1.0,0.0,skipped,1CTF,0,0.4,stitch_040pct_native_prefix,False,REVIEW,PASS,REVIEW
68,15.294784984305744,1.0463172149082183,False,0.788217496683694,0.0,1.0,0.0,skipped,1CTF,0,0.5,stitch_050pct_native_prefix,False,PASS,PASS,REVIEW
68,14.60949843103258,0.8222510653212585,False,0.7854627770676188,0.0,1.0,0.0,skipped,1CTF,0,0.6,stitch_060pct_native_prefix,False,PASS,PASS,PASS
68,12.209011778094437,0.03737093176297196,False,0.7707815694017698,0.0,0.9848484848484849,0.0,skipped,1CTF,0,0.75,stitch_075pct_native_prefix,False,PASS,PASS,PASS
68,8.893369347602471,-1.0467350225404177,False,0.7548530096190238,0.0,0.9696969696969697,0.0,skipped,1CTF,0,0.9,stitch_090pct_native_prefix,False,PASS,PASS,PASS
68,6.091504300316223,-1.9628526813637401,False,0.7494515027540719,0.0,0.9545454545454546,0.0,skipped,1CTF,0,1.0,stitch_100pct_native_prefix,False,PASS,PASS,PASS
68,16.884982095106242,1.5662593354700767,True,0.814250215325375,0.0,0.9848484848484849,0.0,skipped,1CTF,1,0.0,stitch_000pct_native_prefix,True,REVIEW,PASS,REVIEW
68,17.352343365839893,1.7190710897634887,True,0.8162972446605462,0.0,0.9696969696969697,0.0,skipped,1CTF,1,0.1,stitch_010pct_native_prefix,False,REVIEW,PASS,REVIEW
68,16.695077773816692,1.5041668723128243,True,0.8022830010060087,0.0,0.9696969696969697,0.0,skipped,1CTF,1,0.25,stitch_025pct_native_prefix,False,REVIEW,PASS,REVIEW
68,16.387726540800156,1.4036731342934696,True,0.785938657184297,0.0,0.9696969696969697,0.0,skipped,1CTF,1,0.4,stitch_040pct_native_prefix,False,REVIEW,PASS,REVIEW
68,11.923086941776337,-0.056117079695996504,False,0.7712574495184481,0.0,0.9696969696969697,0.0,skipped,1CTF,1,0.5,stitch_050pct_native_prefix,False,PASS,PASS,PASS
68,11.923086941776337,-0.056117079695996504,False,0.7712574495184481,0.0,0.9696969696969697,0.0,skipped,1CTF,1,0.6,stitch_060pct_native_prefix,False,PASS,PASS,PASS
68,7.894280267831079,-1.373404270797972,False,0.7789218504529684,0.0,0.9545454545454546,0.0,skipped,1CTF,1,0.75,stitch_075pct_native_prefix,False,PASS,PASS,PASS
68,7.13477885420557,-1.6217362372492172,False,0.757299877563332,0.0,0.9393939393939394,0.0,skipped,1CTF,1,0.9,stitch_090pct_native_prefix,False,PASS,PASS,PASS
68,6.091504300316223,-1.9628526813637401,False,0.7494515027540719,0.0,0.9545454545454546,0.0,skipped,1CTF,1,1.0,stitch_100pct_native_prefix,False,PASS,PASS,PASS
68,17.30239557369167,1.7027398055531573,True,0.8359960660120387,0.0,0.9848484848484849,0.0,skipped,1CTF,2,0.0,stitch_000pct_native_prefix,True,REVIEW,PASS,REVIEW
68,17.15729202552469,1.6552957207773964,True,0.8351804433639359,0.0,0.9848484848484849,0.0,skipped,1CTF,2,0.1,stitch_010pct_native_prefix,False,REVIEW,PASS,REVIEW
68,16.403537216475733,1.408842704897291,True,0.8181195738513849,0.0,0.9848484848484849,0.0,skipped,1CTF,2,0.25,stitch_025pct_native_prefix,False,REVIEW,PASS,REVIEW
68,14.09044335948201,0.652537139445406,False,0.8092237662297962,0.0,0.9848484848484849,0.0,skipped,1CTF,2,0.4,stitch_040pct_native_prefix,False,PASS,PASS,PASS
68,12.395180349961127,0.0982419278054765,False,0.8090238469252277,0.0,0.9848484848484849,0.0,skipped,1CTF,2,0.5,stitch_050pct_native_prefix,False,PASS,PASS,PASS
68,10.934840115891994,-0.37924126775980854,False,0.795758019821187,0.0,0.9848484848484849,0.0,skipped,1CTF,2,0.6,stitch_060pct_native_prefix,False,PASS,PASS,PASS
68,8.301633372713244,-1.2402132118208427,False,0.7865862513874887,0.0,0.9696969696969697,0.0,skipped,1CTF,2,0.75,stitch_075pct_native_prefix,False,PASS,PASS,PASS
68,6.578037383306654,-1.8037723754221704,False,0.7494515027540719,0.0,0.9545454545454546,0.0,skipped,1CTF,2,0.9,stitch_090pct_native_prefix,False,PASS,PASS,PASS
68,6.091504300316223,-1.9628526813637401,False,0.7494515027540719,0.0,0.9545454545454546,0.0,skipped,1CTF,2,1.0,stitch_100pct_native_prefix,False,PASS,PASS,PASS
